year,id,pref_jp,pref_en,a_len,pop,im_rate,em_rate,did,treat,income,cult,college,jcollege,spec,hedu,gexp,start,gap,pre11,pre10,pre9,pre8,pre7,pre6,pre5,pre4,pre3,pre2,pre1,current,post1,post2,post3,post4,post5,post6,post7,post8,post9
2005,1,北 海 道,Hokkaido,500.8,563,0.97,1.23,0,1,2577,197773.6,0.59,0.39,3.27,4.25,1000.2,2016,-11,1,0,0,0,0,0,0,0,0,0,0,0,0,0,0,0,0,0,0,0,0
2005,2,青 森 県,Aomori-ken,99.7,144,1.53,2.03,0,1,2184,25849.6,0.63,0.42,2.51,3.56,989,2010,-5,0,0,0,0,0,0,1,0,0,0,0,0,0,0,0,0,0,0,0,0,0
2005,3,岩 手 県,Iwate-ken,265.9,139,1.43,1.85,0,0,2363,18191.8,0.36,0.43,2.74,3.53,967,,2005,0,0,0,0,0,0,0,0,0,0,0,0,0,0,0,0,0,0,0,0,0
2005,4,宮 城 県,Miyagi-ken,133.3,236,2.19,2.35,0,0,2620,17725.3,0.59,0.25,3.01,3.85,733.3,,2005,0,0,0,0,0,0,0,0,0,0,0,0,0,0,0,0,0,0,0,0,0
2005,5,秋 田 県,Akita-ken,168.2,115,1.26,1.68,0,0,2295,21138.9,0.44,0.7,2.71,3.85,1068.8,,2005,0,0,0,0,0,0,0,0,0,0,0,0,0,0,0,0,0,0,0,0,0
2005,6,山 形 県,Yamagata-ken,137.6,122,1.3,1.65,0,0,2427,20286.8,0.33,0.25,1.89,2.47,888.1,,2005,0,0,0,0,0,0,0,0,0,0,0,0,0,0,0,0,0,0,0,0,0
2005,7,福 島 県,Fukushima-ken,334.4,209,1.39,1.7,0,0,2728,14671.1,0.38,0.24,2.73,3.35,802.1,,2005,0,0,0,0,0,0,0,0,0,0,0,0,0,0,0,0,0,0,0,0,0
2005,8,茨 城 県,Ibaraki-ken,162.8,298,1.79,1.91,0,0,2838,15442.5,0.27,0.27,2.18,2.72,675.6,,2005,0,0,0,0,0,0,0,0,0,0,0,0,0,0,0,0,0,0,0,0,0
2005,9,栃 木 県,Tochigi-ken,133.7,202,1.82,1.83,0,0,3101,18189.2,0.45,0.4,3.22,4.07,738.9,,2005,0,0,0,0,0,0,0,0,0,0,0,0,0,0,0,0,0,0,0,0,0
2005,10,群 馬 県,Gumma-ken,158.5,202,1.51,1.59,0,0,2859,12554.6,0.69,0.59,3.46,4.74,734,,2005,0,0,0,0,0,0,0,0,0,0,0,0,0,0,0,0,0,0,0,0,0
2005,11,埼 玉 県,Saitama-ken,136.1,705,2.35,2.36,0,0,2955,10697.2,0.38,0.21,1.56,2.15,500,,2005,0,0,0,0,0,0,0,0,0,0,0,0,0,0,0,0,0,0,0,0,0
2005,12,千 葉 県,Chiba-ken,117,606,2.68,2.58,0,0,3000,16259.7,0.43,0.28,1.82,2.53,541.7,,2005,0,0,0,0,0,0,0,0,0,0,0,0,0,0,0,0,0,0,0,0,0
2005,13,東 京 都,Tokyo-to,48.9,1258,3.48,2.8,0,0,4778,6087.6,0.98,0.51,3.65,5.14,829.3,,2005,0,0,0,0,0,0,0,0,0,0,0,0,0,0,0,0,0,0,0,0,0
2005,14,神奈川県,Kanagawa-ken,60.7,879,2.71,2.45,0,0,3204,7108.9,0.3,0.28,1.36,1.94,532.5,,2005,0,0,0,0,0,0,0,0,0,0,0,0,0,0,0,0,0,0,0,0,0
2005,15,新 潟 県,Niigata-ken,408.3,243,1.12,1.35,0,1,2772,16624.7,0.62,0.25,3.13,4,973.5,2015,-10,0,1,0,0,0,0,0,0,0,0,0,0,0,0,0,0,0,0,0,0,0
2005,16,富 山 県,Toyama-ken,133.4,111,1.34,1.44,0,1,3097,15130.9,0.54,0.36,3.15,4.05,895.4,2015,-10,0,1,0,0,0,0,0,0,0,0,0,0,0,0,0,0,0,0,0,0,0
2005,17,石 川 県,Ishikawa-ken,66.9,117,1.58,1.81,0,1,2852,14059.1,0.94,0.51,3.24,4.69,890.8,2015,-10,0,1,0,0,0,0,0,0,0,0,0,0,0,0,0,0,0,0,0,0,0
2005,18,福 井 県,Fukui-ken,108.6,82,1.25,1.5,0,0,2869,12026.5,0.49,0.24,3.16,3.89,1065,,2005,0,0,0,0,0,0,0,0,0,0,0,0,0,0,0,0,0,0,0,0,0
2005,19,山 梨 県,Yamanashi-ken,136.6,88,1.64,1.82,0,0,2729,6520.5,1.02,0.57,2.71,4.3,956,,2005,0,0,0,0,0,0,0,0,0,0,0,0,0,0,0,0,0,0,0,0,0
2005,20,長 野 県,Nagano-ken,311.9,220,1.45,1.65,0,1,2838,8955,0.32,0.5,2.69,3.51,825.5,2015,-10,0,1,0,0,0,0,0,0,0,0,0,0,0,0,0,0,0,0,0,0,0
2005,21,岐 阜 県,Gifu-ken,209.4,211,1.47,1.64,0,0,2794,7532.6,0.52,0.47,2.04,3.03,741.7,,2005,0,0,0,0,0,0,0,0,0,0,0,0,0,0,0,0,0,0,0,0,0
2005,22,静 岡 県,Shizuoka-ken,153.3,379,1.68,1.72,0,0,3344,9789.1,0.37,0.21,2.64,3.22,625.8,,2005,0,0,0,0,0,0,0,0,0,0,0,0,0,0,0,0,0,0,0,0,0
2005,23,愛 知 県,Aichi-ken,178.9,725,1.78,1.52,0,0,3524,9155.7,0.68,0.44,2.66,3.78,639.4,,2005,0,0,0,0,0,0,0,0,0,0,0,0,0,0,0,0,0,0,0,0,0
2005,24,三 重 県,Mie-ken,138.9,187,1.68,1.72,0,0,3068,10603.5,0.37,0.21,2.62,3.2,730.6,,2005,0,0,0,0,0,0,0,0,0,0,0,0,0,0,0,0,0,0,0,0,0
2005,25,滋 賀 県,Shiga-ken,118.8,138,2.13,2.01,0,0,3275,12591.4,0.51,0.29,1.88,2.68,730.8,,2005,0,0,0,0,0,0,0,0,0,0,0,0,0,0,0,0,0,0,0,0,0
2005,26,京 都 府,Kyoto-fu,55.3,265,2.26,2.35,0,0,2895,8478.5,1.13,0.68,2.49,4.3,748.9,,2005,0,0,0,0,0,0,0,0,0,0,0,0,0,0,0,0,0,0,0,0,0
2005,27,大 阪 府,Osaka-fu,115.7,882,1.89,1.99,0,0,3048,5198.4,0.59,0.48,2.84,3.91,708.4,,2005,0,0,0,0,0,0,0,0,0,0,0,0,0,0,0,0,0,0,0,0,0
2005,28,兵 庫 県,Hyogo-ken,258.1,559,1.86,1.85,0,0,2731,7362.6,0.68,0.41,1.82,2.91,958.6,,2005,0,0,0,0,0,0,0,0,0,0,0,0,0,0,0,0,0,0,0,0,0
2005,29,奈 良 県,Nara-ken,18.2,142,1.98,2.33,0,0,2654,7615.1,0.7,0.56,2.96,4.22,697.4,,2005,0,0,0,0,0,0,0,0,0,0,0,0,0,0,0,0,0,0,0,0,0
2005,30,和歌山県,Wakayama-ken,55.7,104,1.3,1.65,0,0,2708,10128.4,0.29,0.19,1.93,2.41,925.4,,2005,0,0,0,0,0,0,0,0,0,0,0,0,0,0,0,0,0,0,0,0,0
2005,31,鳥 取 県,Tottori-ken,26.8,61,1.77,2.06,0,0,2308,10180.4,0.33,0.16,3.79,4.28,1105,,2005,0,0,0,0,0,0,0,0,0,0,0,0,0,0,0,0,0,0,0,0,0
2005,32,島 根 県,Shimane-ken,85.2,74,1.61,1.94,0,0,2453,8914.1,0.27,0.27,2.83,3.37,1338.5,,2005,0,0,0,0,0,0,0,0,0,0,0,0,0,0,0,0,0,0,0,0,0
2005,33,岡 山 県,Okayama-ken,289.2,196,1.66,1.74,0,0,2653,8681.2,0.77,0.56,2.91,4.24,813,,2005,0,0,0,0,0,0,0,0,0,0,0,0,0,0,0,0,0,0,0,0,0
2005,34,広 島 県,Hiroshima-ken,239.5,288,1.94,2.01,0,0,3038,8172.1,0.73,0.31,3.16,4.2,773.1,,2005,0,0,0,0,0,0,0,0,0,0,0,0,0,0,0,0,0,0,0,0,0
2005,35,山 口 県,Yamaguchi-ken,257,149,1.84,2.09,0,0,3001,10296.5,0.6,0.4,2.61,3.61,902.7,,2005,0,0,0,0,0,0,0,0,0,0,0,0,0,0,0,0,0,0,0,0,0
2005,36,徳 島 県,Tokushima-ken,104.7,81,1.4,1.68,0,0,2757,8355.9,0.49,0.37,2.84,3.7,1095.3,,2005,0,0,0,0,0,0,0,0,0,0,0,0,0,0,0,0,0,0,0,0,0
2005,37,香 川 県,Kagawa-ken,86.7,101,2.05,2.21,0,0,2616,6972.5,0.4,0.49,2.47,3.36,856.3,,2005,0,0,0,0,0,0,0,0,0,0,0,0,0,0,0,0,0,0,0,0,0
2005,38,愛 媛 県,Ehime-ken,170,147,1.49,1.71,0,0,2357,10184.7,0.34,0.41,3.41,4.16,840.5,,2005,0,0,0,0,0,0,0,0,0,0,0,0,0,0,0,0,0,0,0,0,0
2005,39,高 知 県,Kochi-ken,75.8,80,1.4,1.71,0,0,2146,8887.7,0.38,0.38,3.77,4.53,1096.9,,2005,0,0,0,0,0,0,0,0,0,0,0,0,0,0,0,0,0,0,0,0,0
2005,40,福 岡 県,Fukuoka-ken,121.7,505,2.17,2.14,0,1,2661,11990.5,0.61,0.48,3.8,4.89,734.2,2011,-6,0,0,0,0,0,1,0,0,0,0,0,0,0,0,0,0,0,0,0,0,0
2005,41,佐 賀 県,Saga-ken,81.8,87,2,2.24,0,1,2507,14768.3,0.23,0.35,3.35,3.93,894,2011,-6,0,0,0,0,0,1,0,0,0,0,0,0,0,0,0,0,0,0,0,0,0
2005,42,長 崎 県,Nagasaki-ken,46.2,148,1.84,2.4,0,0,2222,12227.1,0.61,0.41,2.91,3.93,946.4,,2005,0,0,0,0,0,0,0,0,0,0,0,0,0,0,0,0,0,0,0,0,0
2005,43,熊 本 県,Kumamoto-ken,134.8,184,1.74,1.95,0,1,2384,16232.3,0.54,0.22,2.88,3.64,809.4,2011,-6,0,0,0,0,0,1,0,0,0,0,0,0,0,0,0,0,0,0,0,0,0
2005,44,大 分 県,Oita-ken,133.3,121,1.87,2.03,0,0,2608,11508.7,0.41,0.41,3.47,4.29,904.2,,2005,0,0,0,0,0,0,0,0,0,0,0,0,0,0,0,0,0,0,0,0,0
2005,45,宮 崎 県,Miyazaki-ken,118.4,115,2,2.32,0,0,2212,13836.6,0.61,0.26,3.12,3.99,976.9,,2005,0,0,0,0,0,0,0,0,0,0,0,0,0,0,0,0,0,0,0,0,0
2005,46,鹿児島県,Kagoshima-ken,94.5,175,1.85,2.1,0,0,2272,14117.6,0.34,0.29,2.85,3.48,934.5,,2005,0,0,0,0,0,0,0,0,0,0,0,0,0,0,0,0,0,0,0,0,0
2005,47,沖 縄 県,Okinawa-ken,57.3,136,1.96,1.81,0,0,2021,16365.5,0.51,0.15,3.45,4.11,845.7,,2005,0,0,0,0,0,0,0,0,0,0,0,0,0,0,0,0,0,0,0,0,0
2006,1,北 海 道,Hokkaido,522.5,560,0.94,1.27,0,1,2463,197773.6,0.64,0.39,3.29,4.32,986,2016,-10,0,1,0,0,0,0,0,0,0,0,0,0,0,0,0,0,0,0,0,0,0
2006,2,青 森 県,Aomori-ken,99.7,142,1.48,2.15,0,1,2443,25849.6,0.63,0.42,2.53,3.58,970.1,2010,-4,0,0,0,0,0,0,0,1,0,0,0,0,0,0,0,0,0,0,0,0,0
2006,3,岩 手 県,Iwate-ken,265.9,137,1.44,1.87,0,0,2346,18191.8,0.36,0.44,2.62,3.42,978.9,,2006,0,0,0,0,0,0,0,0,0,0,0,0,0,0,0,0,0,0,0,0,0
2006,4,宮 城 県,Miyagi-ken,133.3,235,2.16,2.37,0,0,2615,17725.3,0.59,0.21,2.97,3.77,724.5,,2006,0,0,0,0,0,0,0,0,0,0,0,0,0,0,0,0,0,0,0,0,0
2006,5,秋 田 県,Akita-ken,168.2,113,1.21,1.72,0,0,2334,21138.9,0.44,0.71,2.73,3.88,1030.4,,2006,0,0,0,0,0,0,0,0,0,0,0,0,0,0,0,0,0,0,0,0,0
2006,6,山 形 県,Yamagata-ken,137.6,121,1.29,1.68,0,0,2472,20286.8,0.33,0.25,1.9,2.48,857,,2006,0,0,0,0,0,0,0,0,0,0,0,0,0,0,0,0,0,0,0,0,0
2006,7,福 島 県,Fukushima-ken,339.2,208,1.36,1.73,0,0,2775,14671.1,0.38,0.24,2.69,3.31,782.1,,2006,0,0,0,0,0,0,0,0,0,0,0,0,0,0,0,0,0,0,0,0,0
2006,8,茨 城 県,Ibaraki-ken,162,297,1.8,1.87,0,0,2843,15442.5,0.3,0.24,2.22,2.76,692,,2006,0,0,0,0,0,0,0,0,0,0,0,0,0,0,0,0,0,0,0,0,0
2006,9,栃 木 県,Tochigi-ken,133.6,202,1.8,1.86,0,0,3104,18189.2,0.45,0.35,3.18,3.98,737.1,,2006,0,0,0,0,0,0,0,0,0,0,0,0,0,0,0,0,0,0,0,0,0
2006,10,群 馬 県,Gumma-ken,158.5,202,1.46,1.58,0,0,2921,12554.6,0.69,0.64,3.56,4.89,731.1,,2006,0,0,0,0,0,0,0,0,0,0,0,0,0,0,0,0,0,0,0,0,0
2006,11,埼 玉 県,Saitama-ken,138.5,707,2.4,2.29,0,0,2961,10697.2,0.38,0.21,1.6,2.19,504.7,,2006,0,0,0,0,0,0,0,0,0,0,0,0,0,0,0,0,0,0,0,0,0
2006,12,千 葉 県,Chiba-ken,117.5,607,2.68,2.47,0,0,2962,16259.7,0.43,0.26,1.79,2.48,533.8,,2006,0,0,0,0,0,0,0,0,0,0,0,0,0,0,0,0,0,0,0,0,0
2006,13,東 京 都,Tokyo-to,49,1266,3.46,2.74,0,0,4820,6087.6,1.03,0.47,3.64,5.14,856.8,,2006,0,0,0,0,0,0,0,0,0,0,0,0,0,0,0,0,0,0,0,0,0
2006,14,神奈川県,Kanagawa-ken,60.7,883,2.68,2.44,0,0,3257,7108.9,0.31,0.25,1.35,1.91,532.1,,2006,0,0,0,0,0,0,0,0,0,0,0,0,0,0,0,0,0,0,0,0,0
2006,15,新 潟 県,Niigata-ken,347.1,242,1.07,1.36,0,1,2734,16624.7,0.66,0.25,3.18,4.09,957.4,2015,-9,0,0,1,0,0,0,0,0,0,0,0,0,0,0,0,0,0,0,0,0,0
2006,16,富 山 県,Toyama-ken,133.4,111,1.33,1.45,0,1,3013,15130.9,0.45,0.36,3.15,3.96,874.9,2015,-9,0,0,1,0,0,0,0,0,0,0,0,0,0,0,0,0,0,0,0,0,0
2006,17,石 川 県,Ishikawa-ken,66.9,117,1.6,1.79,0,1,2806,14059.1,0.94,0.51,3.16,4.61,853.4,2015,-9,0,0,1,0,0,0,0,0,0,0,0,0,0,0,0,0,0,0,0,0,0
2006,18,福 井 県,Fukui-ken,108.6,82,1.24,1.49,0,0,2819,12026.5,0.49,0.37,3.05,3.91,1020.3,,2006,0,0,0,0,0,0,0,0,0,0,0,0,0,0,0,0,0,0,0,0,0
2006,19,山 梨 県,Yamanashi-ken,142.7,88,1.59,1.87,0,0,2773,6520.5,1.02,0.57,2.73,4.32,929.7,,2006,0,0,0,0,0,0,0,0,0,0,0,0,0,0,0,0,0,0,0,0,0
2006,20,長 野 県,Nagano-ken,311.3,219,1.43,1.61,0,1,2789,8955,0.32,0.5,2.79,3.61,810.3,2015,-9,0,0,1,0,0,0,0,0,0,0,0,0,0,0,0,0,0,0,0,0,0
2006,21,岐 阜 県,Gifu-ken,209.4,211,1.46,1.64,0,0,2863,7532.6,0.57,0.48,1.95,3,737,,2006,0,0,0,0,0,0,0,0,0,0,0,0,0,0,0,0,0,0,0,0,0
2006,22,静 岡 県,Shizuoka-ken,122.5,380,1.67,1.72,0,0,3389,9789.1,0.37,0.21,2.63,3.21,626.9,,2006,0,0,0,0,0,0,0,0,0,0,0,0,0,0,0,0,0,0,0,0,0
2006,23,愛 知 県,Aichi-ken,178.9,731,1.81,1.52,0,0,3509,9155.7,0.67,0.38,2.63,3.68,656.4,,2006,0,0,0,0,0,0,0,0,0,0,0,0,0,0,0,0,0,0,0,0,0
2006,24,三 重 県,Mie-ken,138.9,187,1.76,1.73,0,0,3193,10603.5,0.37,0.21,2.62,3.2,713.1,,2006,0,0,0,0,0,0,0,0,0,0,0,0,0,0,0,0,0,0,0,0,0
2006,25,滋 賀 県,Shiga-ken,118.8,139,2.21,2,0,0,3352,12591.4,0.5,0.29,1.87,2.66,718.5,,2006,0,0,0,0,0,0,0,0,0,0,0,0,0,0,0,0,0,0,0,0,0
2006,26,京 都 府,Kyoto-fu,55.3,264,2.23,2.34,0,0,2976,8478.5,1.14,0.72,2.5,4.36,734.4,,2006,0,0,0,0,0,0,0,0,0,0,0,0,0,0,0,0,0,0,0,0,0
2006,27,大 阪 府,Osaka-fu,115.7,881,1.89,1.96,0,0,3083,5198.4,0.62,0.44,2.8,3.86,721.2,,2006,0,0,0,0,0,0,0,0,0,0,0,0,0,0,0,0,0,0,0,0,0
2006,28,兵 庫 県,Hyogo-ken,258.1,559,1.83,1.83,0,0,2882,7362.6,0.7,0.41,1.88,2.99,793.1,,2006,0,0,0,0,0,0,0,0,0,0,0,0,0,0,0,0,0,0,0,0,0
2006,29,奈 良 県,Nara-ken,18.2,142,1.97,2.3,0,0,2692,7615.1,0.71,0.49,2.97,4.17,676.4,,2006,0,0,0,0,0,0,0,0,0,0,0,0,0,0,0,0,0,0,0,0,0
2006,30,和歌山県,Wakayama-ken,55.7,103,1.32,1.71,0,0,2665,10128.4,0.29,0.19,2.14,2.62,907.3,,2006,0,0,0,0,0,0,0,0,0,0,0,0,0,0,0,0,0,0,0,0,0
2006,31,鳥 取 県,Tottori-ken,26.8,60,1.7,2.01,0,0,2422,10180.4,0.33,0.17,3.64,4.14,1088.9,,2006,0,0,0,0,0,0,0,0,0,0,0,0,0,0,0,0,0,0,0,0,0
2006,32,島 根 県,Shimane-ken,89.8,74,1.59,1.99,0,0,2437,8914.1,0.27,0.27,2.72,3.26,1309.8,,2006,0,0,0,0,0,0,0,0,0,0,0,0,0,0,0,0,0,0,0,0,0
2006,33,岡 山 県,Okayama-ken,289.2,195,1.67,1.81,0,0,2800,8681.2,0.77,0.56,2.87,4.2,776.1,,2006,0,0,0,0,0,0,0,0,0,0,0,0,0,0,0,0,0,0,0,0,0
2006,34,広 島 県,Hiroshima-ken,238.5,287,1.92,2.01,0,0,3095,8172.1,0.73,0.28,3.03,4.04,754.5,,2006,0,0,0,0,0,0,0,0,0,0,0,0,0,0,0,0,0,0,0,0,0
2006,35,山 口 県,Yamaguchi-ken,257,148,1.83,2.13,0,0,2883,10296.5,0.61,0.4,2.7,3.71,878.1,,2006,0,0,0,0,0,0,0,0,0,0,0,0,0,0,0,0,0,0,0,0,0
2006,36,徳 島 県,Tokushima-ken,104.7,81,1.44,1.71,0,0,2694,8355.9,0.5,0.37,2.73,3.6,1055.5,,2006,0,0,0,0,0,0,0,0,0,0,0,0,0,0,0,0,0,0,0,0,0
2006,37,香 川 県,Kagawa-ken,86.7,101,2.06,2.19,0,0,2718,6972.5,0.4,0.5,2.68,3.58,788.4,,2006,0,0,0,0,0,0,0,0,0,0,0,0,0,0,0,0,0,0,0,0,0
2006,38,愛 媛 県,Ehime-ken,170,146,1.46,1.75,0,0,2487,10184.7,0.34,0.41,3.56,4.31,806.6,,2006,0,0,0,0,0,0,0,0,0,0,0,0,0,0,0,0,0,0,0,0,0
2006,39,高 知 県,Kochi-ken,75.8,79,1.35,1.79,0,0,2170,8887.7,0.38,0.38,3.8,4.56,1042.1,,2006,0,0,0,0,0,0,0,0,0,0,0,0,0,0,0,0,0,0,0,0,0
2006,40,福 岡 県,Fukuoka-ken,121.7,505,2.18,2.12,0,1,2665,11990.5,0.63,0.46,3.76,4.85,727.6,2011,-5,0,0,0,0,0,0,1,0,0,0,0,0,0,0,0,0,0,0,0,0,0
2006,41,佐 賀 県,Saga-ken,81.8,86,2.03,2.34,0,1,2475,14768.3,0.23,0.35,3.59,4.17,871.9,2011,-5,0,0,0,0,0,0,1,0,0,0,0,0,0,0,0,0,0,0,0,0,0
2006,42,長 崎 県,Nagasaki-ken,46.2,147,1.79,2.44,0,0,2159,12227.1,0.61,0.34,2.93,3.88,918.5,,2006,0,0,0,0,0,0,0,0,0,0,0,0,0,0,0,0,0,0,0,0,0
2006,43,熊 本 県,Kumamoto-ken,134.8,184,1.75,1.98,0,1,2398,16232.3,0.54,0.16,3,3.7,810.1,2011,-5,0,0,0,0,0,0,1,0,0,0,0,0,0,0,0,0,0,0,0,0,0
2006,44,大 分 県,Oita-ken,133.3,121,1.89,2.01,0,0,2594,11508.7,0.41,0.41,3.48,4.3,894.9,,2006,0,0,0,0,0,0,0,0,0,0,0,0,0,0,0,0,0,0,0,0,0
2006,45,宮 崎 県,Miyazaki-ken,118.4,115,2,2.32,0,0,2150,13836.6,0.61,0.26,3.14,4.01,936.1,,2006,0,0,0,0,0,0,0,0,0,0,0,0,0,0,0,0,0,0,0,0,0
2006,46,鹿児島県,Kagoshima-ken,94.5,174,1.84,2.21,0,0,2283,14117.6,0.34,0.29,2.87,3.5,937.1,,2006,0,0,0,0,0,0,0,0,0,0,0,0,0,0,0,0,0,0,0,0,0
2006,47,沖 縄 県,Okinawa-ken,57.3,137,1.92,1.97,0,0,2089,16365.5,0.51,0.15,3.58,4.24,841.7,,2006,0,0,0,0,0,0,0,0,0,0,0,0,0,0,0,0,0,0,0,0,0
2007,1,北 海 道,Hokkaido,543.5,557,0.92,1.29,0,1,2408,196758.5,0.65,0.38,3.3,4.33,980.2,2016,-9,0,0,1,0,0,0,0,0,0,0,0,0,0,0,0,0,0,0,0,0,0
2007,2,青 森 県,Aomori-ken,99.7,141,1.47,2.2,0,1,2433,25671,0.64,0.43,2.63,3.7,969.5,2010,-3,0,0,0,0,0,0,0,0,1,0,0,0,0,0,0,0,0,0,0,0,0
2007,3,岩 手 県,Iwate-ken,265.9,136,1.4,1.91,0,0,2383,18029,0.37,0.37,2.71,3.45,946.5,,2007,0,0,0,0,0,0,0,0,0,0,0,0,0,0,0,0,0,0,0,0,0
2007,4,宮 城 県,Miyagi-ken,133.3,235,2.14,2.37,0,0,2580,17609.7,0.6,0.17,2.94,3.71,715.7,,2007,0,0,0,0,0,0,0,0,0,0,0,0,0,0,0,0,0,0,0,0,0
2007,5,秋 田 県,Akita-ken,189.8,112,1.18,1.79,0,0,2483,21013.9,0.45,0.54,2.5,3.49,1027.9,,2007,0,0,0,0,0,0,0,0,0,0,0,0,0,0,0,0,0,0,0,0,0
2007,6,山 形 県,Yamagata-ken,137.6,120,1.22,1.66,0,0,2541,20140.7,0.33,0.25,2,2.58,858.4,,2007,0,0,0,0,0,0,0,0,0,0,0,0,0,0,0,0,0,0,0,0,0
2007,7,福 島 県,Fukushima-ken,334.4,207,1.32,1.75,0,0,2847,14537,0.39,0.24,2.71,3.34,792.8,,2007,0,0,0,0,0,0,0,0,0,0,0,0,0,0,0,0,0,0,0,0,0
2007,8,茨 城 県,Ibaraki-ken,171.1,297,1.78,1.86,0,0,3007,15390.2,0.3,0.17,2.19,2.66,684.4,,2007,0,0,0,0,0,0,0,0,0,0,0,0,0,0,0,0,0,0,0,0,0
2007,9,栃 木 県,Tochigi-ken,140.2,201,1.82,1.82,0,0,3105,18049.3,0.45,0.3,3.23,3.98,723.6,,2007,0,0,0,0,0,0,0,0,0,0,0,0,0,0,0,0,0,0,0,0,0
2007,10,群 馬 県,Gumma-ken,162.6,202,1.44,1.58,0,0,2880,12378.7,0.69,0.64,3.47,4.8,747.2,,2007,0,0,0,0,0,0,0,0,0,0,0,0,0,0,0,0,0,0,0,0,0
2007,11,埼 玉 県,Saitama-ken,138.5,709,2.39,2.27,0,0,2973,10470.1,0.39,0.21,1.58,2.18,506.4,,2007,0,0,0,0,0,0,0,0,0,0,0,0,0,0,0,0,0,0,0,0,0
2007,12,千 葉 県,Chiba-ken,127.4,610,2.74,2.42,0,0,3010,15966.9,0.43,0.23,1.82,2.48,541.5,,2007,0,0,0,0,0,0,0,0,0,0,0,0,0,0,0,0,0,0,0,0,0
2007,13,東 京 都,Tokyo-to,49,1276,3.47,2.73,0,0,4540,5905.1,1.03,0.44,3.57,5.04,887.9,,2007,0,0,0,0,0,0,0,0,0,0,0,0,0,0,0,0,0,0,0,0,0
2007,14,神奈川県,Kanagawa-ken,60.7,888,2.73,2.36,0,0,3284,7041.5,0.3,0.25,1.36,1.91,535.7,,2007,0,0,0,0,0,0,0,0,0,0,0,0,0,0,0,0,0,0,0,0,0
2007,15,新 潟 県,Niigata-ken,347.1,240,1.07,1.35,0,1,2724,16559,0.71,0.25,3.29,4.25,1012.5,2015,-8,0,0,0,1,0,0,0,0,0,0,0,0,0,0,0,0,0,0,0,0,0
2007,16,富 山 県,Toyama-ken,133.4,111,1.27,1.43,0,1,3088,15055.4,0.45,0.36,3.07,3.88,883.5,2015,-8,0,0,0,1,0,0,0,0,0,0,0,0,0,0,0,0,0,0,0,0,0
2007,17,石 川 県,Ishikawa-ken,66.9,117,1.58,1.76,0,1,2945,13901.2,0.94,0.43,3.25,4.62,946.3,2015,-8,0,0,0,1,0,0,0,0,0,0,0,0,0,0,0,0,0,0,0,0,0
2007,18,福 井 県,Fukui-ken,108.6,82,1.18,1.5,0,0,2821,11939.3,0.49,0.37,2.94,3.8,1003.9,,2007,0,0,0,0,0,0,0,0,0,0,0,0,0,0,0,0,0,0,0,0,0
2007,19,山 梨 県,Yamanashi-ken,142.7,88,1.57,1.86,0,0,2767,6419.8,1.03,0.46,2.74,4.23,932.3,,2007,0,0,0,0,0,0,0,0,0,0,0,0,0,0,0,0,0,0,0,0,0
2007,20,長 野 県,Nagano-ken,311.3,218,1.37,1.59,0,1,2808,8852.5,0.32,0.46,2.84,3.62,819.9,2015,-8,0,0,0,1,0,0,0,0,0,0,0,0,0,0,0,0,0,0,0,0,0
2007,21,岐 阜 県,Gifu-ken,209.4,210,1.45,1.63,0,0,2770,7507.1,0.57,0.52,1.95,3.04,732,,2007,0,0,0,0,0,0,0,0,0,0,0,0,0,0,0,0,0,0,0,0,0
2007,22,静 岡 県,Shizuoka-ken,122.5,380,1.62,1.67,0,0,3384,9580.5,0.37,0.18,2.63,3.18,642.5,,2007,0,0,0,0,0,0,0,0,0,0,0,0,0,0,0,0,0,0,0,0,0
2007,23,愛 知 県,Aichi-ken,178.9,736,1.8,1.52,0,0,3588,8970.4,0.67,0.37,2.54,3.58,660.7,,2007,0,0,0,0,0,0,0,0,0,0,0,0,0,0,0,0,0,0,0,0,0
2007,24,三 重 県,Mie-ken,147.8,188,1.78,1.74,0,0,3229,10436,0.43,0.21,2.61,3.25,709.8,,2007,0,0,0,0,0,0,0,0,0,0,0,0,0,0,0,0,0,0,0,0,0
2007,25,滋 賀 県,Shiga-ken,160.7,140,2.2,1.98,0,0,3138,12476.1,0.5,0.29,1.93,2.72,706.9,,2007,0,0,0,0,0,0,0,0,0,0,0,0,0,0,0,0,0,0,0,0,0
2007,26,京 都 府,Kyoto-fu,55.3,264,2.18,2.34,0,0,2993,8350,1.18,0.65,2.5,4.33,733.7,,2007,0,0,0,0,0,0,0,0,0,0,0,0,0,0,0,0,0,0,0,0,0
2007,27,大 阪 府,Osaka-fu,115.7,881,1.87,1.93,0,0,3107,5162.6,0.64,0.41,2.81,3.86,716.5,,2007,0,0,0,0,0,0,0,0,0,0,0,0,0,0,0,0,0,0,0,0,0
2007,28,兵 庫 県,Hyogo-ken,258.1,559,1.8,1.82,0,0,2823,7362.6,0.75,0.38,1.83,2.96,755,,2007,0,0,0,0,0,0,0,0,0,0,0,0,0,0,0,0,0,0,0,0,0
2007,29,奈 良 県,Nara-ken,18.2,141,1.93,2.28,0,0,2681,7517.1,0.71,0.43,2.98,4.12,676,,2007,0,0,0,0,0,0,0,0,0,0,0,0,0,0,0,0,0,0,0,0,0
2007,30,和歌山県,Wakayama-ken,61.1,102,1.25,1.71,0,0,2637,9991.5,0.29,0.2,2.16,2.65,923.1,,2007,0,0,0,0,0,0,0,0,0,0,0,0,0,0,0,0,0,0,0,0,0
2007,31,鳥 取 県,Tottori-ken,26.8,60,1.69,2.1,0,0,2364,10123.3,0.33,0.17,4,4.5,1044.4,,2007,0,0,0,0,0,0,0,0,0,0,0,0,0,0,0,0,0,0,0,0,0
2007,32,島 根 県,Shimane-ken,89.8,73,1.59,1.99,0,0,2436,8778.7,0.27,0.41,2.6,3.28,1284.4,,2007,0,0,0,0,0,0,0,0,0,0,0,0,0,0,0,0,0,0,0,0,0
2007,33,岡 山 県,Okayama-ken,294.1,195,1.65,1.74,0,0,2812,8607.8,0.82,0.51,2.87,4.2,773,,2007,0,0,0,0,0,0,0,0,0,0,0,0,0,0,0,0,0,0,0,0,0
2007,34,広 島 県,Hiroshima-ken,239.5,287,1.85,1.97,0,0,3059,8064.1,0.73,0.28,3.03,4.04,763.6,,2007,0,0,0,0,0,0,0,0,0,0,0,0,0,0,0,0,0,0,0,0,0
2007,35,山 口 県,Yamaguchi-ken,257,147,1.81,2.09,0,0,2982,10176.5,0.68,0.34,2.78,3.8,872.8,,2007,0,0,0,0,0,0,0,0,0,0,0,0,0,0,0,0,0,0,0,0,0
2007,36,徳 島 県,Tokushima-ken,104.7,80,1.35,1.71,0,0,2807,8175.4,0.5,0.38,2.75,3.63,1016.9,,2007,0,0,0,0,0,0,0,0,0,0,0,0,0,0,0,0,0,0,0,0,0
2007,37,香 川 県,Kagawa-ken,86.7,101,1.97,2.15,0,0,2652,6930,0.4,0.3,2.68,3.38,795.7,,2007,0,0,0,0,0,0,0,0,0,0,0,0,0,0,0,0,0,0,0,0,0
2007,38,愛 媛 県,Ehime-ken,170,145,1.4,1.71,0,0,2485,9952,0.34,0.34,3.51,4.19,795.4,,2007,0,0,0,0,0,0,0,0,0,0,0,0,0,0,0,0,0,0,0,0,0
2007,39,高 知 県,Kochi-ken,75.8,78,1.32,1.9,0,0,2114,8887.7,0.38,0.26,3.58,4.22,1036.2,,2007,0,0,0,0,0,0,0,0,0,0,0,0,0,0,0,0,0,0,0,0,0
2007,40,福 岡 県,Fukuoka-ken,121.7,506,2.13,2.17,0,1,2746,11777.1,0.63,0.44,3.72,4.79,718,2011,-4,0,0,0,0,0,0,0,1,0,0,0,0,0,0,0,0,0,0,0,0,0
2007,41,佐 賀 県,Saga-ken,81.8,86,2.03,2.35,0,1,2575,14610.1,0.23,0.35,3.61,4.19,890.1,2011,-4,0,0,0,0,0,0,0,1,0,0,0,0,0,0,0,0,0,0,0,0,0
2007,42,長 崎 県,Nagasaki-ken,46.2,145,1.79,2.48,0,0,2191,12084.1,0.62,0.28,3.1,4,933.6,,2007,0,0,0,0,0,0,0,0,0,0,0,0,0,0,0,0,0,0,0,0,0
2007,43,熊 本 県,Kumamoto-ken,134.8,183,1.71,1.99,0,1,2381,16057.1,0.55,0.11,3.12,3.78,814.4,2011,-4,0,0,0,0,0,0,0,1,0,0,0,0,0,0,0,0,0,0,0,0,0
2007,44,大 分 県,Oita-ken,133.3,120,1.95,2.02,0,0,2636,11280.1,0.42,0.42,3.49,4.33,884.4,,2007,0,0,0,0,0,0,0,0,0,0,0,0,0,0,0,0,0,0,0,0,0
2007,45,宮 崎 県,Miyazaki-ken,118.4,114,1.91,2.33,0,0,2152,13738.1,0.61,0.26,3.24,4.11,897,,2007,0,0,0,0,0,0,0,0,0,0,0,0,0,0,0,0,0,0,0,0,0
2007,46,鹿児島県,Kagoshima-ken,94.5,173,1.8,2.21,0,0,2353,13993.8,0.35,0.29,2.89,3.53,918.2,,2007,0,0,0,0,0,0,0,0,0,0,0,0,0,0,0,0,0,0,0,0,0
2007,47,沖 縄 県,Okinawa-ken,57.3,137,1.88,2.04,0,0,2049,16282.2,0.51,0.15,3.64,4.3,852.8,,2007,0,0,0,0,0,0,0,0,0,0,0,0,0,0,0,0,0,0,0,0,0
2008,1,北 海 道,Hokkaido,543.5,554,0.89,1.28,0,1,2389,196589.3,0.65,0.38,3.32,4.35,969.7,2016,-8,0,0,0,1,0,0,0,0,0,0,0,0,0,0,0,0,0,0,0,0,0
2008,2,青 森 県,Aomori-ken,99.7,139,1.45,2.12,0,1,2369,25606.1,0.65,0.43,2.66,3.74,980,2010,-2,0,0,0,0,0,0,0,0,0,1,0,0,0,0,0,0,0,0,0,0,0
2008,3,岩 手 県,Iwate-ken,265.9,135,1.34,1.85,0,0,2267,17970.9,0.37,0.37,2.74,3.48,942.7,,2008,0,0,0,0,0,0,0,0,0,0,0,0,0,0,0,0,0,0,0,0,0
2008,4,宮 城 県,Miyagi-ken,133.3,234,2.11,2.32,0,0,2473,17558.3,0.6,0.17,2.91,3.68,735.6,,2008,0,0,0,0,0,0,0,0,0,0,0,0,0,0,0,0,0,0,0,0,0
2008,5,秋 田 県,Akita-ken,189.8,111,1.2,1.76,0,0,2297,20986.1,0.45,0.45,2.44,3.34,1018.7,,2008,0,0,0,0,0,0,0,0,0,0,0,0,0,0,0,0,0,0,0,0,0
2008,6,山 形 県,Yamagata-ken,137.6,119,1.19,1.62,0,0,2327,20075.7,0.34,0.25,1.94,2.53,865.8,,2008,0,0,0,0,0,0,0,0,0,0,0,0,0,0,0,0,0,0,0,0,0
2008,7,福 島 県,Fukushima-ken,334.4,205,1.3,1.7,0,0,2743,14460.4,0.39,0.24,2.68,3.31,796.1,,2008,0,0,0,0,0,0,0,0,0,0,0,0,0,0,0,0,0,0,0,0,0
2008,8,茨 城 県,Ibaraki-ken,175.8,296,1.76,1.84,0,0,2943,15364.1,0.3,0.17,2.23,2.7,696.1,,2008,0,0,0,0,0,0,0,0,0,0,0,0,0,0,0,0,0,0,0,0,0
2008,9,栃 木 県,Tochigi-ken,150,201,1.76,1.84,0,0,2917,17951.3,0.45,0.3,3.08,3.83,727.1,,2008,0,0,0,0,0,0,0,0,0,0,0,0,0,0,0,0,0,0,0,0,0
2008,10,群 馬 県,Gumma-ken,164.6,201,1.43,1.55,0,0,2693,12298.7,0.7,0.55,3.48,4.73,765.1,,2008,0,0,0,0,0,0,0,0,0,0,0,0,0,0,0,0,0,0,0,0,0
2008,11,埼 玉 県,Saitama-ken,138.5,711,2.36,2.15,0,0,2933,10268.3,0.39,0.21,1.55,2.15,517.1,,2008,0,0,0,0,0,0,0,0,0,0,0,0,0,0,0,0,0,0,0,0,0
2008,12,千 葉 県,Chiba-ken,127.4,612,2.72,2.33,0,0,2976,15844.9,0.44,0.2,1.76,2.4,549.3,,2008,0,0,0,0,0,0,0,0,0,0,0,0,0,0,0,0,0,0,0,0,0
2008,13,東 京 都,Tokyo-to,49,1284,3.32,2.67,0,0,4155,5773.7,1.04,0.4,3.51,4.95,887.6,,2008,0,0,0,0,0,0,0,0,0,0,0,0,0,0,0,0,0,0,0,0,0
2008,14,神奈川県,Kanagawa-ken,60.7,892,2.62,2.29,0,0,3198,6974.2,0.3,0.24,1.33,1.87,547.2,,2008,0,0,0,0,0,0,0,0,0,0,0,0,0,0,0,0,0,0,0,0,0
2008,15,新 潟 県,Niigata-ken,347.1,239,1.01,1.28,0,1,2618,16502.7,0.71,0.25,3.3,4.26,940.5,2015,-7,0,0,0,0,1,0,0,0,0,0,0,0,0,0,0,0,0,0,0,0,0
2008,16,富 山 県,Toyama-ken,133.5,110,1.2,1.39,0,1,2949,15005,0.45,0.36,2.91,3.72,908.4,2015,-7,0,0,0,0,1,0,0,0,0,0,0,0,0,0,0,0,0,0,0,0,0
2008,17,石 川 県,Ishikawa-ken,66.9,117,1.52,1.66,0,1,2818,13806.4,1.03,0.43,3.08,4.54,868.6,2015,-7,0,0,0,0,1,0,0,0,0,0,0,0,0,0,0,0,0,0,0,0,0
2008,18,福 井 県,Fukui-ken,108.9,81,1.13,1.42,0,0,2724,11939.3,0.49,0.37,2.83,3.69,1005.4,,2008,0,0,0,0,0,0,0,0,0,0,0,0,0,0,0,0,0,0,0,0,0
2008,19,山 梨 県,Yamanashi-ken,142.7,87,1.5,1.91,0,0,2729,6369.4,1.03,0.46,2.76,4.25,967.5,,2008,0,0,0,0,0,0,0,0,0,0,0,0,0,0,0,0,0,0,0,0,0
2008,20,長 野 県,Nagano-ken,311.3,217,1.32,1.52,0,1,2717,8789.4,0.37,0.46,2.95,3.78,817.6,2015,-7,0,0,0,0,1,0,0,0,0,0,0,0,0,0,0,0,0,0,0,0,0
2008,21,岐 阜 県,Gifu-ken,234.4,210,1.39,1.61,0,0,2658,7456.1,0.57,0.52,1.81,2.9,732.4,,2008,0,0,0,0,0,0,0,0,0,0,0,0,0,0,0,0,0,0,0,0,0
2008,22,静 岡 県,Shizuoka-ken,116.9,380,1.58,1.6,0,0,3215,9463.2,0.37,0.16,2.66,3.19,648.4,,2008,0,0,0,0,0,0,0,0,0,0,0,0,0,0,0,0,0,0,0,0,0
2008,23,愛 知 県,Aichi-ken,178.9,740,1.76,1.51,0,0,3234,8774.2,0.68,0.38,2.51,3.57,665.6,,2008,0,0,0,0,0,0,0,0,0,0,0,0,0,0,0,0,0,0,0,0,0
2008,24,三 重 県,Mie-ken,158.3,188,1.73,1.74,0,0,2829,10352.3,0.43,0.21,2.61,3.25,716.7,,2008,0,0,0,0,0,0,0,0,0,0,0,0,0,0,0,0,0,0,0,0,0
2008,25,滋 賀 県,Shiga-ken,160.7,140,2.1,1.89,0,0,2984,12406.9,0.5,0.29,1.93,2.72,715.9,,2008,0,0,0,0,0,0,0,0,0,0,0,0,0,0,0,0,0,0,0,0,0
2008,26,京 都 府,Kyoto-fu,55.3,263,2.15,2.28,0,0,2924,8298.6,1.18,0.65,2.43,4.26,760.9,,2008,0,0,0,0,0,0,0,0,0,0,0,0,0,0,0,0,0,0,0,0,0
2008,27,大 阪 府,Osaka-fu,115.7,881,1.83,1.88,0,0,3004,5090.9,0.62,0.4,2.78,3.8,703.8,,2008,0,0,0,0,0,0,0,0,0,0,0,0,0,0,0,0,0,0,0,0,0
2008,28,兵 庫 県,Hyogo-ken,258.1,559,1.76,1.76,0,0,2740,7334,0.77,0.36,1.81,2.94,754.9,,2008,0,0,0,0,0,0,0,0,0,0,0,0,0,0,0,0,0,0,0,0,0
2008,29,奈 良 県,Nara-ken,18.2,140,1.87,2.17,0,0,2526,7451.7,0.71,0.36,2.99,4.06,681.3,,2008,0,0,0,0,0,0,0,0,0,0,0,0,0,0,0,0,0,0,0,0,0
2008,30,和歌山県,Wakayama-ken,61.1,101,1.22,1.59,0,0,2546,9854.6,0.3,0.1,2.17,2.57,932.3,,2008,0,0,0,0,0,0,0,0,0,0,0,0,0,0,0,0,0,0,0,0,0
2008,31,鳥 取 県,Tottori-ken,41.9,60,1.57,2.05,0,0,2304,10094.7,0.34,0.17,4.03,4.54,1037.3,,2008,0,0,0,0,0,0,0,0,0,0,0,0,0,0,0,0,0,0,0,0,0
2008,32,島 根 県,Shimane-ken,89.8,72,1.52,1.88,0,0,2241,8711,0.28,0.41,2.62,3.31,1281.1,,2008,0,0,0,0,0,0,0,0,0,0,0,0,0,0,0,0,0,0,0,0,0
2008,33,岡 山 県,Okayama-ken,267.7,195,1.57,1.71,0,0,2662,8534.5,0.82,0.51,2.93,4.26,758.1,,2008,0,0,0,0,0,0,0,0,0,0,0,0,0,0,0,0,0,0,0,0,0
2008,34,広 島 県,Hiroshima-ken,239.5,287,1.78,1.93,0,0,2834,7996.5,0.73,0.24,3,3.97,748.1,,2008,0,0,0,0,0,0,0,0,0,0,0,0,0,0,0,0,0,0,0,0,0
2008,35,山 口 県,Yamaguchi-ken,257,146,1.76,2.02,0,0,2843,10136.6,0.68,0.34,2.73,3.75,852,,2008,0,0,0,0,0,0,0,0,0,0,0,0,0,0,0,0,0,0,0,0,0
2008,36,徳 島 県,Tokushima-ken,104.7,79,1.31,1.67,0,0,2685,8098,0.5,0.38,2.9,3.78,1004.4,,2008,0,0,0,0,0,0,0,0,0,0,0,0,0,0,0,0,0,0,0,0,0
2008,37,香 川 県,Kagawa-ken,87.9,100,1.96,2.1,0,0,2578,6866.2,0.4,0.3,2.79,3.49,783.2,,2008,0,0,0,0,0,0,0,0,0,0,0,0,0,0,0,0,0,0,0,0,0
2008,38,愛 媛 県,Ehime-ken,170,144,1.41,1.66,0,0,2285,9826.7,0.35,0.35,3.26,3.96,803.8,,2008,0,0,0,0,0,0,0,0,0,0,0,0,0,0,0,0,0,0,0,0,0
2008,39,高 知 県,Kochi-ken,75.8,77,1.27,1.83,0,0,2046,8856.9,0.39,0.26,3.49,4.14,1043.1,,2008,0,0,0,0,0,0,0,0,0,0,0,0,0,0,0,0,0,0,0,0,0
2008,40,福 岡 県,Fukuoka-ken,121.7,505,2.06,2.12,0,1,2644,11710.4,0.67,0.42,3.66,4.75,721.3,2011,-3,0,0,0,0,0,0,0,0,1,0,0,0,0,0,0,0,0,0,0,0,0
2008,41,佐 賀 県,Saga-ken,81.8,86,2.03,2.27,0,1,2455,14504.6,0.23,0.35,3.51,4.09,892.9,2011,-3,0,0,0,0,0,0,0,0,1,0,0,0,0,0,0,0,0,0,0,0,0
2008,42,長 崎 県,Nagasaki-ken,46.2,144,1.75,2.36,0,0,2157,12131.8,0.69,0.28,3.19,4.16,961.1,,2008,0,0,0,0,0,0,0,0,0,0,0,0,0,0,0,0,0,0,0,0,0
2008,43,熊 本 県,Kumamoto-ken,134.8,182,1.73,1.94,0,1,2265,15949.2,0.55,0.11,3.13,3.79,813.8,2011,-3,0,0,0,0,0,0,0,0,1,0,0,0,0,0,0,0,0,0,0,0,0
2008,44,大 分 県,Oita-ken,146.2,120,1.88,2.03,0,0,2562,11146.7,0.42,0.42,3.58,4.42,887.1,,2008,0,0,0,0,0,0,0,0,0,0,0,0,0,0,0,0,0,0,0,0,0
2008,45,宮 崎 県,Miyazaki-ken,118.4,114,1.91,2.29,0,0,2130,13698.6,0.62,0.26,3.17,4.05,921.4,,2008,0,0,0,0,0,0,0,0,0,0,0,0,0,0,0,0,0,0,0,0,0
2008,46,鹿児島県,Kagoshima-ken,94.5,172,1.74,2.17,0,0,2253,13937.5,0.35,0.29,3.03,3.67,903.4,,2008,0,0,0,0,0,0,0,0,0,0,0,0,0,0,0,0,0,0,0,0,0
2008,47,沖 縄 県,Okinawa-ken,57.3,138,1.81,2.05,0,0,2039,16282.2,0.51,0.15,3.71,4.37,853.1,,2008,0,0,0,0,0,0,0,0,0,0,0,0,0,0,0,0,0,0,0,0,0
2009,1,北 海 道,Hokkaido,593.6,551,0.94,1.16,0,1,2369,195912.6,0.65,0.36,3.31,4.32,1054.7,2016,-7,0,0,0,0,1,0,0,0,0,0,0,0,0,0,0,0,0,0,0,0,0
2009,2,青 森 県,Aomori-ken,99.7,138,1.5,1.98,0,1,2366,25524.9,0.73,0.44,2.76,3.93,1058.6,2010,-1,0,0,0,0,0,0,0,0,0,0,1,0,0,0,0,0,0,0,0,0,0
2009,3,岩 手 県,Iwate-ken,266,134,1.39,1.8,0,0,2214,17924.4,0.37,0.37,2.69,3.43,1033.8,,2009,0,0,0,0,0,0,0,0,0,0,0,0,0,0,0,0,0,0,0,0,0
2009,4,宮 城 県,Miyagi-ken,145.2,234,2.1,2.18,0,0,2478,17545.4,0.6,0.21,2.74,3.55,794.6,,2009,0,0,0,0,0,0,0,0,0,0,0,0,0,0,0,0,0,0,0,0,0
2009,5,秋 田 県,Akita-ken,189.8,110,1.25,1.66,0,0,2356,20958.3,0.55,0.46,2.46,3.47,1124.6,,2009,0,0,0,0,0,0,0,0,0,0,0,0,0,0,0,0,0,0,0,0,0
2009,6,山 形 県,Yamagata-ken,137.5,118,1.23,1.57,0,0,2223,20010.7,0.34,0.25,1.87,2.46,958.9,,2009,0,0,0,0,0,0,0,0,0,0,0,0,0,0,0,0,0,0,0,0,0
2009,7,福 島 県,Fukushima-ken,334.9,204,1.3,1.68,0,0,2574,14393.4,0.39,0.25,2.65,3.29,857.5,,2009,0,0,0,0,0,0,0,0,0,0,0,0,0,0,0,0,0,0,0,0,0
2009,8,茨 城 県,Ibaraki-ken,191.8,296,1.8,1.74,0,0,2653,15311.8,0.3,0.17,2.23,2.7,766.3,,2009,0,0,0,0,0,0,0,0,0,0,0,0,0,0,0,0,0,0,0,0,0
2009,9,栃 木 県,Tochigi-ken,151,201,1.69,1.81,0,0,2859,17881.4,0.45,0.3,3.04,3.79,782,,2009,0,0,0,0,0,0,0,0,0,0,0,0,0,0,0,0,0,0,0,0,0
2009,10,群 馬 県,Gumma-ken,174.3,201,1.42,1.51,0,0,2535,12202.7,0.7,0.5,3.44,4.64,829,,2009,0,0,0,0,0,0,0,0,0,0,0,0,0,0,0,0,0,0,0,0,0
2009,11,埼 玉 県,Saitama-ken,138.5,713,2.37,2.12,0,0,2867,10154.8,0.41,0.18,1.51,2.1,548.6,,2009,0,0,0,0,0,0,0,0,0,0,0,0,0,0,0,0,0,0,0,0,0
2009,12,千 葉 県,Chiba-ken,127.4,614,2.64,2.29,0,0,2917,15784,0.46,0.2,1.81,2.47,584.8,,2009,0,0,0,0,0,0,0,0,0,0,0,0,0,0,0,0,0,0,0,0,0
2009,13,東 京 都,Tokyo-to,49,1287,3.21,2.78,0,0,3907,5693.4,1.06,0.39,3.49,4.94,875.3,,2009,0,0,0,0,0,0,0,0,0,0,0,0,0,0,0,0,0,0,0,0,0
2009,14,神奈川県,Kanagawa-ken,54.6,894,2.56,2.32,0,0,3086,6906.8,0.3,0.21,1.29,1.8,580.9,,2009,0,0,0,0,0,0,0,0,0,0,0,0,0,0,0,0,0,0,0,0,0
2009,15,新 潟 県,Niigata-ken,365.3,238,1.03,1.22,0,1,2529,16418.2,0.76,0.25,3.32,4.33,1018.7,2015,-6,0,0,0,0,0,1,0,0,0,0,0,0,0,0,0,0,0,0,0,0,0
2009,16,富 山 県,Toyama-ken,133.3,110,1.18,1.36,0,1,2638,14979.9,0.46,0.37,2.92,3.75,970.8,2015,-6,0,0,0,0,0,1,0,0,0,0,0,0,0,0,0,0,0,0,0,0,0
2009,17,石 川 県,Ishikawa-ken,67,116,1.56,1.64,0,1,2569,13711.6,1.03,0.43,3,4.46,928.4,2015,-6,0,0,0,0,0,1,0,0,0,0,0,0,0,0,0,0,0,0,0,0,0
2009,18,福 井 県,Fukui-ken,109.5,81,1.16,1.45,0,0,2663,11910.3,0.5,0.37,2.6,3.47,1077.6,,2009,0,0,0,0,0,0,0,0,0,0,0,0,0,0,0,0,0,0,0,0,0
2009,19,山 梨 県,Yamanashi-ken,141.3,87,1.64,1.77,0,0,2542,6319.1,0.92,0.35,2.77,4.04,1019.5,,2009,0,0,0,0,0,0,0,0,0,0,0,0,0,0,0,0,0,0,0,0,0
2009,20,長 野 県,Nagano-ken,308.8,216,1.29,1.5,0,1,2701,8773.7,0.37,0.46,3.01,3.84,887.6,2015,-6,0,0,0,0,0,1,0,0,0,0,0,0,0,0,0,0,0,0,0,0,0
2009,21,岐 阜 県,Gifu-ken,234.3,209,1.34,1.58,0,0,2520,7430.6,0.57,0.57,1.77,2.91,794.1,,2009,0,0,0,0,0,0,0,0,0,0,0,0,0,0,0,0,0,0,0,0,0
2009,22,静 岡 県,Shizuoka-ken,116.9,379,1.53,1.61,0,0,2926,9306.8,0.37,0.16,2.58,3.11,682.3,,2009,0,0,0,0,0,0,0,0,0,0,0,0,0,0,0,0,0,0,0,0,0
2009,23,愛 知 県,Aichi-ken,179.1,742,1.62,1.57,0,0,2970,8687,0.69,0.35,2.47,3.51,690.3,,2009,0,0,0,0,0,0,0,0,0,0,0,0,0,0,0,0,0,0,0,0,0
2009,24,三 重 県,Mie-ken,160,187,1.62,1.81,0,0,2731,10302,0.43,0.21,2.41,3.05,763.7,,2009,0,0,0,0,0,0,0,0,0,0,0,0,0,0,0,0,0,0,0,0,0
2009,25,滋 賀 県,Shiga-ken,161.4,141,2,1.92,0,0,2955,12337.7,0.57,0.28,1.92,2.77,764.3,,2009,0,0,0,0,0,0,0,0,0,0,0,0,0,0,0,0,0,0,0,0,0
2009,26,京 都 府,Kyoto-fu,55.1,262,2.09,2.23,0,0,2815,8273,1.18,0.65,2.44,4.27,827.1,,2009,0,0,0,0,0,0,0,0,0,0,0,0,0,0,0,0,0,0,0,0,0
2009,27,大 阪 府,Osaka-fu,114.8,880,1.81,1.84,0,0,2879,5055,0.62,0.37,2.72,3.71,764.3,,2009,0,0,0,0,0,0,0,0,0,0,0,0,0,0,0,0,0,0,0,0,0
2009,28,兵 庫 県,Hyogo-ken,267.5,558,1.74,1.74,0,0,2580,7315,0.75,0.34,1.76,2.85,832.1,,2009,0,0,0,0,0,0,0,0,0,0,0,0,0,0,0,0,0,0,0,0,0
2009,29,奈 良 県,Nara-ken,18.2,140,1.89,2.09,0,0,2408,7386.3,0.71,0.36,3,4.07,735.8,,2009,0,0,0,0,0,0,0,0,0,0,0,0,0,0,0,0,0,0,0,0,0
2009,30,和歌山県,Wakayama-ken,59.5,100,1.26,1.51,0,0,2394,9745.1,0.3,0.1,2.29,2.69,1030.9,,2009,0,0,0,0,0,0,0,0,0,0,0,0,0,0,0,0,0,0,0,0,0
2009,31,鳥 取 県,Tottori-ken,51.8,59,1.67,1.98,0,0,2199,10066.1,0.34,0.17,3.89,4.4,1120.3,,2009,0,0,0,0,0,0,0,0,0,0,0,0,0,0,0,0,0,0,0,0,0
2009,32,島 根 県,Shimane-ken,103.2,72,1.55,1.81,0,0,2265,8688.4,0.28,0.42,2.78,3.48,1438.1,,2009,0,0,0,0,0,0,0,0,0,0,0,0,0,0,0,0,0,0,0,0,0
2009,33,岡 山 県,Okayama-ken,269,194,1.53,1.67,0,0,2534,8485.6,0.82,0.52,2.99,4.33,802.6,,2009,0,0,0,0,0,0,0,0,0,0,0,0,0,0,0,0,0,0,0,0,0
2009,34,広 島 県,Hiroshima-ken,243.2,286,1.74,1.85,0,0,2685,7942.5,0.77,0.24,2.97,3.98,795.2,,2009,0,0,0,0,0,0,0,0,0,0,0,0,0,0,0,0,0,0,0,0,0
2009,35,山 口 県,Yamaguchi-ken,257,145,1.71,1.9,0,0,2708,10116.6,0.69,0.34,2.75,3.78,936.3,,2009,0,0,0,0,0,0,0,0,0,0,0,0,0,0,0,0,0,0,0,0,0
2009,36,徳 島 県,Tokushima-ken,105.2,79,1.33,1.59,0,0,2590,8072.2,0.51,0.38,2.91,3.8,1074.1,,2009,0,0,0,0,0,0,0,0,0,0,0,0,0,0,0,0,0,0,0,0,0
2009,37,香 川 県,Kagawa-ken,88,100,1.91,2,0,0,2551,6844.9,0.4,0.3,2.8,3.5,851.2,,2009,0,0,0,0,0,0,0,0,0,0,0,0,0,0,0,0,0,0,0,0,0
2009,38,愛 媛 県,Ehime-ken,169.7,144,1.39,1.57,0,0,2323,9701.4,0.35,0.35,3.2,3.9,868.2,,2009,0,0,0,0,0,0,0,0,0,0,0,0,0,0,0,0,0,0,0,0,0
2009,39,高 知 県,Kochi-ken,75.9,77,1.35,1.63,0,0,2017,8826.2,0.39,0.26,3.39,4.04,1211.9,,2009,0,0,0,0,0,0,0,0,0,0,0,0,0,0,0,0,0,0,0,0,0
2009,40,福 岡 県,Fukuoka-ken,121.7,505,2.06,2.05,0,1,2626,11617.1,0.67,0.42,3.52,4.61,796.5,2011,-2,0,0,0,0,0,0,0,0,0,1,0,0,0,0,0,0,0,0,0,0,0
2009,41,佐 賀 県,Saga-ken,81.9,85,1.99,2.21,0,1,2272,14425.5,0.23,0.35,3.4,3.98,1008.4,2011,-2,0,0,0,0,0,0,0,0,0,1,0,0,0,0,0,0,0,0,0,0,0
2009,42,長 崎 県,Nagasaki-ken,46.2,143,1.81,2.23,0,0,2155,12084.1,0.7,0.28,3.01,3.99,1040.2,,2009,0,0,0,0,0,0,0,0,0,0,0,0,0,0,0,0,0,0,0,0,0
2009,43,熊 本 県,Kumamoto-ken,134.8,181,1.68,1.92,0,1,2183,15881.8,0.55,0.11,2.98,3.64,894.1,2011,-2,0,0,0,0,0,0,0,0,0,1,0,0,0,0,0,0,0,0,0,0,0
2009,44,大 分 県,Oita-ken,146.2,119,1.77,1.96,0,0,2290,11089.5,0.42,0.42,3.6,4.44,960.6,,2009,0,0,0,0,0,0,0,0,0,0,0,0,0,0,0,0,0,0,0,0,0
2009,45,宮 崎 県,Miyazaki-ken,118.4,113,1.92,2.12,0,0,2068,13659.2,0.62,0.27,3,3.89,983.2,,2009,0,0,0,0,0,0,0,0,0,0,0,0,0,0,0,0,0,0,0,0,0
2009,46,鹿児島県,Kagoshima-ken,105.1,171,1.82,2.04,0,0,2207,13881.2,0.35,0.29,3.05,3.69,991.8,,2009,0,0,0,0,0,0,0,0,0,0,0,0,0,0,0,0,0,0,0,0,0
2009,47,沖 縄 県,Okinawa-ken,57.3,138,1.93,1.87,0,0,2045,16282.2,0.51,0.14,3.76,4.41,923,,2009,0,0,0,0,0,0,0,0,0,0,0,0,0,0,0,0,0,0,0,0,0
2010,1,北 海 道,Hokkaido,593.6,551,0.89,1.04,0,1,2440,225768,0.65,0.35,3.36,4.36,1031.1,2016,-6,0,0,0,0,0,1,0,0,0,0,0,0,0,0,0,0,0,0,0,0,0
2010,2,青 森 県,Aomori-ken,99.7,137,1.45,1.82,1,1,2345,28924.6,0.73,0.44,2.69,3.86,1050.8,2010,0,0,0,0,0,0,0,0,0,0,0,0,1,0,0,0,0,0,0,0,0,0
2010,3,岩 手 県,Iwate-ken,266,133,1.35,1.66,0,0,2234,20150,0.38,0.38,2.63,3.39,1021.7,,2010,0,0,0,0,0,0,0,0,0,0,0,0,0,0,0,0,0,0,0,0,0
2010,4,宮 城 県,Miyagi-ken,145.2,235,2.02,2.04,0,0,2450,20767,0.6,0.21,2.64,3.45,758.6,,2010,0,0,0,0,0,0,0,0,0,0,0,0,0,0,0,0,0,0,0,0,0
2010,5,秋 田 県,Akita-ken,189.8,109,1.17,1.52,0,0,2291,25128.8,0.55,0.46,2.39,3.4,1132.4,,2010,0,0,0,0,0,0,0,0,0,0,0,0,0,0,0,0,0,0,0,0,0
2010,6,山 形 県,Yamagata-ken,137.5,117,1.16,1.46,0,0,2464,23019.2,0.43,0.26,1.88,2.57,955.8,,2010,0,0,0,0,0,0,0,0,0,0,0,0,0,0,0,0,0,0,0,0,0
2010,7,福 島 県,Fukushima-ken,334.9,203,1.26,1.55,0,0,2586,15517.9,0.39,0.25,2.66,3.3,835.8,,2010,0,0,0,0,0,0,0,0,0,0,0,0,0,0,0,0,0,0,0,0,0
2010,8,茨 城 県,Ibaraki-ken,191.8,297,1.68,1.65,0,0,2978,16973.3,0.3,0.13,2.26,2.69,737.4,,2010,0,0,0,0,0,0,0,0,0,0,0,0,0,0,0,0,0,0,0,0,0
2010,9,栃 木 県,Tochigi-ken,172.7,201,1.59,1.67,0,0,2938,19770.9,0.45,0.3,3.04,3.79,772.4,,2010,0,0,0,0,0,0,0,0,0,0,0,0,0,0,0,0,0,0,0,0,0
2010,10,群 馬 県,Gumma-ken,176.7,201,1.36,1.43,0,0,2716,13169.8,0.7,0.5,3.44,4.64,803.7,,2010,0,0,0,0,0,0,0,0,0,0,0,0,0,0,0,0,0,0,0,0,0
2010,11,埼 玉 県,Saitama-ken,138.5,719,2.26,2.04,0,0,2782,10937.9,0.42,0.18,1.5,2.1,541.4,,2010,0,0,0,0,0,0,0,0,0,0,0,0,0,0,0,0,0,0,0,0,0
2010,12,千 葉 県,Chiba-ken,127.4,622,2.44,2.21,0,0,2725,17472.5,0.45,0.18,1.74,2.37,578.9,,2010,0,0,0,0,0,0,0,0,0,0,0,0,0,0,0,0,0,0,0,0,0
2010,13,東 京 都,Tokyo-to,49,1316,3.01,2.64,0,0,4306,5855.4,1.05,0.37,3.39,4.81,812.7,,2010,0,0,0,0,0,0,0,0,0,0,0,0,0,0,0,0,0,0,0,0,0
2010,14,神奈川県,Kanagawa-ken,54.6,905,2.39,2.22,0,0,2910,7286.8,0.31,0.21,1.26,1.78,560.7,,2010,0,0,0,0,0,0,0,0,0,0,0,0,0,0,0,0,0,0,0,0,0
2010,15,新 潟 県,Niigata-ken,379.3,237,1,1.17,0,1,2632,18897.6,0.76,0.25,3.33,4.34,968.8,2015,-5,0,0,0,0,0,0,1,0,0,0,0,0,0,0,0,0,0,0,0,0,0
2010,16,富 山 県,Toyama-ken,133.3,109,1.16,1.22,0,1,2900,20044.5,0.46,0.27,2.84,3.57,947,2015,-5,0,0,0,0,0,0,1,0,0,0,0,0,0,0,0,0,0,0,0,0,0
2010,17,石 川 県,Ishikawa-ken,67,117,1.47,1.51,0,1,2652,16356.8,1.03,0.43,2.99,4.45,923.3,2015,-5,0,0,0,0,0,0,1,0,0,0,0,0,0,0,0,0,0,0,0,0,0
2010,18,福 井 県,Fukui-ken,109.5,81,1.12,1.3,0,0,2796,14860.3,0.5,0.37,2.6,3.47,1098.9,,2010,0,0,0,0,0,0,0,0,0,0,0,0,0,0,0,0,0,0,0,0,0
2010,19,山 梨 県,Yamanashi-ken,139.9,86,1.51,1.67,0,0,2802,6765.4,0.81,0.35,2.78,3.94,1023.7,,2010,0,0,0,0,0,0,0,0,0,0,0,0,0,0,0,0,0,0,0,0,0
2010,20,長 野 県,Nagano-ken,316.7,215,1.25,1.35,0,1,2718,9478.7,0.37,0.42,3.02,3.81,879.1,2015,-5,0,0,0,0,0,0,1,0,0,0,0,0,0,0,0,0,0,0,0,0,0
2010,21,岐 阜 県,Gifu-ken,234.3,208,1.29,1.45,0,0,2613,8195.6,0.58,0.53,1.78,2.89,764.3,,2010,0,0,0,0,0,0,0,0,0,0,0,0,0,0,0,0,0,0,0,0,0
2010,22,静 岡 県,Shizuoka-ken,116.9,377,1.38,1.49,0,0,3100,10073.6,0.37,0.16,2.58,3.11,663.6,,2010,0,0,0,0,0,0,0,0,0,0,0,0,0,0,0,0,0,0,0,0,0
2010,23,愛 知 県,Aichi-ken,179.1,741,1.43,1.44,0,0,3035,9413.5,0.69,0.35,2.39,3.43,660.8,,2010,0,0,0,0,0,0,0,0,0,0,0,0,0,0,0,0,0,0,0,0,0
2010,24,三 重 県,Mie-ken,160,185,1.49,1.57,0,0,2863,11746.7,0.43,0.22,2.37,3.02,750,,2010,0,0,0,0,0,0,0,0,0,0,0,0,0,0,0,0,0,0,0,0,0
2010,25,滋 賀 県,Shiga-ken,161.4,141,1.9,1.74,0,0,3269,14826.3,0.57,0.28,1.91,2.76,763.3,,2010,0,0,0,0,0,0,0,0,0,0,0,0,0,0,0,0,0,0,0,0,0
2010,26,京 都 府,Kyoto-fu,55.1,264,2.01,2.08,0,0,2726,8983.2,1.18,0.61,2.47,4.26,816.8,,2010,0,0,0,0,0,0,0,0,0,0,0,0,0,0,0,0,0,0,0,0,0
2010,27,大 阪 府,Osaka-fu,114.8,887,1.7,1.74,0,0,2821,5273.1,0.62,0.35,2.68,3.65,836.7,,2010,0,0,0,0,0,0,0,0,0,0,0,0,0,0,0,0,0,0,0,0,0
2010,28,兵 庫 県,Hyogo-ken,267.5,559,1.62,1.67,0,0,2687,8000.1,0.75,0.34,1.68,2.77,829.8,,2010,0,0,0,0,0,0,0,0,0,0,0,0,0,0,0,0,0,0,0,0,0
2010,29,奈 良 県,Nara-ken,18.2,140,1.83,2,0,0,2486,7877.3,0.71,0.36,3,4.07,721.8,,2010,0,0,0,0,0,0,0,0,0,0,0,0,0,0,0,0,0,0,0,0,0
2010,30,和歌山県,Wakayama-ken,59.5,100,1.2,1.43,0,0,2548,10414.5,0.3,0.1,2.2,2.6,1017.7,,2010,0,0,0,0,0,0,0,0,0,0,0,0,0,0,0,0,0,0,0,0,0
2010,31,鳥 取 県,Tottori-ken,51.8,59,1.58,1.78,0,0,2260,10984.9,0.34,0.17,3.91,4.42,1148.5,,2010,0,0,0,0,0,0,0,0,0,0,0,0,0,0,0,0,0,0,0,0,0
2010,32,島 根 県,Shimane-ken,103.2,72,1.5,1.72,0,0,2310,9729.6,0.28,0.42,2.79,3.49,1424.1,,2010,0,0,0,0,0,0,0,0,0,0,0,0,0,0,0,0,0,0,0,0,0
2010,33,岡 山 県,Okayama-ken,269,195,1.44,1.55,0,0,2580,9388,0.87,0.51,2.88,4.26,793.2,,2010,0,0,0,0,0,0,0,0,0,0,0,0,0,0,0,0,0,0,0,0,0
2010,34,広 島 県,Hiroshima-ken,263.3,286,1.65,1.72,0,0,2850,8790.6,0.77,0.24,3.01,4.02,809.4,,2010,0,0,0,0,0,0,0,0,0,0,0,0,0,0,0,0,0,0,0,0,0
2010,35,山 口 県,Yamaguchi-ken,257,145,1.59,1.79,0,0,2820,11628.2,0.69,0.34,2.89,3.92,916.7,,2010,0,0,0,0,0,0,0,0,0,0,0,0,0,0,0,0,0,0,0,0,0
2010,36,徳 島 県,Tokushima-ken,105.2,79,1.29,1.49,0,0,2758,8687.9,0.51,0.38,2.8,3.69,1081.2,,2010,0,0,0,0,0,0,0,0,0,0,0,0,0,0,0,0,0,0,0,0,0
2010,37,香 川 県,Kagawa-ken,88,100,1.85,1.99,0,0,2638,8042.2,0.4,0.3,2.81,3.51,841.6,,2010,0,0,0,0,0,0,0,0,0,0,0,0,0,0,0,0,0,0,0,0,0
2010,38,愛 媛 県,Ehime-ken,169.7,143,1.31,1.49,0,0,2516,10650.2,0.35,0.35,3,3.7,875.3,,2010,0,0,0,0,0,0,0,0,0,0,0,0,0,0,0,0,0,0,0,0,0
2010,39,高 知 県,Kochi-ken,83.2,76,1.41,1.51,0,0,2178,9689.7,0.39,0.26,3.4,4.05,1142.5,,2010,0,0,0,0,0,0,0,0,0,0,0,0,0,0,0,0,0,0,0,0,0
2010,40,福 岡 県,Fukuoka-ken,121.7,507,1.94,1.89,0,1,2776,13955.9,0.67,0.39,3.33,4.39,784.7,2011,-1,0,0,0,0,0,0,0,0,0,0,1,0,0,0,0,0,0,0,0,0,0
2010,41,佐 賀 県,Saga-ken,81.9,85,1.87,2.06,0,1,2533,21706.2,0.24,0.35,3.29,3.88,987.7,2011,-1,0,0,0,0,0,0,0,0,0,0,1,0,0,0,0,0,0,0,0,0,0
2010,42,長 崎 県,Nagasaki-ken,46.2,143,1.71,2.05,0,0,2297,13059.7,0.7,0.28,3.01,3.99,1020.6,,2010,0,0,0,0,0,0,0,0,0,0,0,0,0,0,0,0,0,0,0,0,0
2010,43,熊 本 県,Kumamoto-ken,134.8,182,1.58,1.71,0,1,2341,17556.7,0.55,0.11,2.86,3.52,915.4,2011,-1,0,0,0,0,0,0,0,0,0,0,1,0,0,0,0,0,0,0,0,0,0
2010,44,大 分 県,Oita-ken,146.2,120,1.63,1.8,0,0,2475,12397.3,0.42,0.42,3.59,4.43,933.4,,2010,0,0,0,0,0,0,0,0,0,0,0,0,0,0,0,0,0,0,0,0,0
2010,45,宮 崎 県,Miyazaki-ken,144.3,114,1.75,1.94,0,0,2211,15064.2,0.62,0.26,2.99,3.87,1124.2,,2010,0,0,0,0,0,0,0,0,0,0,0,0,0,0,0,0,0,0,0,0,0
2010,46,鹿児島県,Kagoshima-ken,105.1,171,1.71,1.89,0,0,2396,15761.4,0.35,0.29,3.05,3.69,980.1,,2010,0,0,0,0,0,0,0,0,0,0,0,0,0,0,0,0,0,0,0,0,0
2010,47,沖 縄 県,Okinawa-ken,57.3,139,1.75,1.72,0,0,2025,18192.8,0.5,0.14,3.73,4.37,930.8,,2010,0,0,0,0,0,0,0,0,0,0,0,0,0,0,0,0,0,0,0,0,0
2011,1,北 海 道,Hokkaido,648.3,549,0.95,0.99,0,1,2475,225572.7,0.64,0.35,3.28,4.27,1008.2,2016,-5,0,0,0,0,0,0,1,0,0,0,0,0,0,0,0,0,0,0,0,0,0
2011,2,青 森 県,Aomori-ken,99.7,136,1.47,1.71,1,1,2333,28887.7,0.73,0.44,2.57,3.74,1104.6,2010,1,0,0,0,0,0,0,0,0,0,0,0,0,1,0,0,0,0,0,0,0,0
2011,3,岩 手 県,Iwate-ken,266,131,1.43,1.69,0,0,2359,19992.9,0.38,0.38,2.59,3.35,1605.4,,2011,0,0,0,0,0,0,0,0,0,0,0,0,0,0,0,0,0,0,0,0,0
2011,4,宮 城 県,Miyagi-ken,145.2,233,2.05,2.32,0,0,2461,19228.1,0.6,0.21,2.71,3.52,1446,,2011,0,0,0,0,0,0,0,0,0,0,0,0,0,0,0,0,0,0,0,0,0
2011,5,秋 田 県,Akita-ken,189.8,108,1.23,1.48,0,0,2319,25045.4,0.56,0.47,2.33,3.36,1153.4,,2011,0,0,0,0,0,0,0,0,0,0,0,0,0,0,0,0,0,0,0,0,0
2011,6,山 形 県,Yamagata-ken,162.3,116,1.31,1.39,0,0,2403,22944.4,0.43,0.26,1.81,2.5,972.3,,2011,0,0,0,0,0,0,0,0,0,0,0,0,0,0,0,0,0,0,0,0,0
2011,7,福 島 県,Fukushima-ken,334.9,199,1.09,2.67,0,0,2324,14958.9,0.4,0.25,2.71,3.36,1666,,2011,0,0,0,0,0,0,0,0,0,0,0,0,0,0,0,0,0,0,0,0,0
2011,8,茨 城 県,Ibaraki-ken,191.8,296,1.57,1.73,0,0,3044,16866.7,0.3,0.14,2.2,2.64,795.2,,2011,0,0,0,0,0,0,0,0,0,0,0,0,0,0,0,0,0,0,0,0,0
2011,9,栃 木 県,Tochigi-ken,172.7,200,1.6,1.67,0,0,2955,19662.1,0.45,0.3,2.85,3.6,782.2,,2011,0,0,0,0,0,0,0,0,0,0,0,0,0,0,0,0,0,0,0,0,0
2011,10,群 馬 県,Gumma-ken,176.7,200,1.36,1.42,0,0,2890,13012.6,0.7,0.5,3.6,4.8,788.4,,2011,0,0,0,0,0,0,0,0,0,0,0,0,0,0,0,0,0,0,0,0,0
2011,11,埼 玉 県,Saitama-ken,138.5,721,2.21,2.04,0,0,2785,10828.3,0.4,0.19,1.51,2.1,540.5,,2011,0,0,0,0,0,0,0,0,0,0,0,0,0,0,0,0,0,0,0,0,0
2011,12,千 葉 県,Chiba-ken,127.4,621,2.23,2.29,0,0,2820,17377.5,0.45,0.18,1.72,2.35,600.6,,2011,0,0,0,0,0,0,0,0,0,0,0,0,0,0,0,0,0,0,0,0,0
2011,13,東 京 都,Tokyo-to,49,1320,2.99,2.65,0,0,4373,5802,1.05,0.35,3.27,4.67,818.9,,2011,0,0,0,0,0,0,0,0,0,0,0,0,0,0,0,0,0,0,0,0,0
2011,14,神奈川県,Kanagawa-ken,54.6,906,2.33,2.21,0,0,2926,7251,0.31,0.21,1.21,1.73,558.4,,2011,0,0,0,0,0,0,0,0,0,0,0,0,0,0,0,0,0,0,0,0,0
2011,15,新 潟 県,Niigata-ken,379.3,236,1.05,1.14,0,1,2668,18843.4,0.76,0.25,3.39,4.4,995.4,2015,-4,0,0,0,0,0,0,0,1,0,0,0,0,0,0,0,0,0,0,0,0,0
2011,16,富 山 県,Toyama-ken,133.5,109,1.19,1.22,0,1,3055,20010.8,0.46,0.28,2.85,3.59,953.2,2015,-4,0,0,0,0,0,0,0,1,0,0,0,0,0,0,0,0,0,0,0,0,0
2011,17,石 川 県,Ishikawa-ken,68.7,117,1.47,1.54,0,1,2744,16281.1,1.03,0.43,3,4.46,957.4,2015,-4,0,0,0,0,0,0,0,1,0,0,0,0,0,0,0,0,0,0,0,0,0
2011,18,福 井 県,Fukui-ken,121.9,80,1.14,1.26,0,0,2841,14824,0.5,0.37,2.74,3.61,1079.3,,2011,0,0,0,0,0,0,0,0,0,0,0,0,0,0,0,0,0,0,0,0,0
2011,19,山 梨 県,Yamanashi-ken,139.9,86,1.55,1.76,0,0,2779,6711,0.82,0.35,2.8,3.97,1021.1,,2011,0,0,0,0,0,0,0,0,0,0,0,0,0,0,0,0,0,0,0,0,0
2011,20,長 野 県,Nagano-ken,316.7,214,1.34,1.34,0,1,2730,9461.6,0.37,0.42,3.03,3.82,877.3,2015,-4,0,0,0,0,0,0,0,1,0,0,0,0,0,0,0,0,0,0,0,0,0
2011,21,岐 阜 県,Gifu-ken,234.3,207,1.3,1.42,0,0,2657,8167.3,0.58,0.53,1.74,2.85,761.6,,2011,0,0,0,0,0,0,0,0,0,0,0,0,0,0,0,0,0,0,0,0,0
2011,22,静 岡 県,Shizuoka-ken,116.9,375,1.41,1.46,0,0,3162,9988.2,0.37,0.13,2.53,3.03,663.4,,2011,0,0,0,0,0,0,0,0,0,0,0,0,0,0,0,0,0,0,0,0,0
2011,23,愛 知 県,Aichi-ken,179.1,742,1.46,1.38,0,0,3105,9354,0.69,0.32,2.37,3.38,656.4,,2011,0,0,0,0,0,0,0,0,0,0,0,0,0,0,0,0,0,0,0,0,0
2011,24,三 重 県,Mie-ken,167.1,185,1.52,1.57,0,0,2735,11708.5,0.43,0.22,2.27,2.92,756.6,,2011,0,0,0,0,0,0,0,0,0,0,0,0,0,0,0,0,0,0,0,0,0
2011,25,滋 賀 県,Shiga-ken,161.4,141,1.95,1.73,0,0,3072,14798.6,0.57,0.28,1.91,2.76,733.8,,2011,0,0,0,0,0,0,0,0,0,0,0,0,0,0,0,0,0,0,0,0,0
2011,26,京 都 府,Kyoto-fu,55.1,263,2.05,2.05,0,0,2865,8955.1,1.22,0.61,2.47,4.3,815.9,,2011,0,0,0,0,0,0,0,0,0,0,0,0,0,0,0,0,0,0,0,0,0
2011,27,大 阪 府,Osaka-fu,114.8,886,1.76,1.71,0,0,2920,5235.2,0.63,0.35,2.69,3.67,746.3,,2011,0,0,0,0,0,0,0,0,0,0,0,0,0,0,0,0,0,0,0,0,0
2011,28,兵 庫 県,Hyogo-ken,267.5,558,1.67,1.65,0,0,2585,7989.6,0.75,0.34,1.65,2.74,805.2,,2011,0,0,0,0,0,0,0,0,0,0,0,0,0,0,0,0,0,0,0,0,0
2011,29,奈 良 県,Nara-ken,18.2,140,1.81,1.96,0,0,2388,7842.3,0.72,0.36,2.94,4.02,727.8,,2011,0,0,0,0,0,0,0,0,0,0,0,0,0,0,0,0,0,0,0,0,0
2011,30,和歌山県,Wakayama-ken,59.6,100,1.24,1.44,0,0,2655,10355.3,0.3,0.1,2.21,2.61,1032.1,,2011,0,0,0,0,0,0,0,0,0,0,0,0,0,0,0,0,0,0,0,0,0
2011,31,鳥 取 県,Tottori-ken,51.8,59,1.59,1.77,0,0,2232,10984.9,0.34,0.17,3.93,4.44,1104.8,,2011,0,0,0,0,0,0,0,0,0,0,0,0,0,0,0,0,0,0,0,0,0
2011,32,島 根 県,Shimane-ken,116.3,71,1.53,1.67,0,0,2382,9679,0.28,0.14,2.81,3.23,1391.3,,2011,0,0,0,0,0,0,0,0,0,0,0,0,0,0,0,0,0,0,0,0,0
2011,33,岡 山 県,Okayama-ken,269,194,1.55,1.51,0,0,2693,9333.6,0.88,0.52,2.94,4.34,787.4,,2011,0,0,0,0,0,0,0,0,0,0,0,0,0,0,0,0,0,0,0,0,0
2011,34,広 島 県,Hiroshima-ken,263.3,286,1.67,1.71,0,0,3030,8700.1,0.81,0.25,2.94,4,789.5,,2011,0,0,0,0,0,0,0,0,0,0,0,0,0,0,0,0,0,0,0,0,0
2011,35,山 口 県,Yamaguchi-ken,257,144,1.61,1.75,0,0,2864,11535.5,0.69,0.35,2.84,3.88,925,,2011,0,0,0,0,0,0,0,0,0,0,0,0,0,0,0,0,0,0,0,0,0
2011,36,徳 島 県,Tokushima-ken,105.2,78,1.31,1.46,0,0,2698,8632,0.51,0.38,2.69,3.58,1073.5,,2011,0,0,0,0,0,0,0,0,0,0,0,0,0,0,0,0,0,0,0,0,0
2011,37,香 川 県,Kagawa-ken,88,99,1.85,1.86,0,0,2790,7992,0.4,0.2,2.72,3.32,828.2,,2011,0,0,0,0,0,0,0,0,0,0,0,0,0,0,0,0,0,0,0,0,0
2011,38,愛 媛 県,Ehime-ken,185.6,142,1.32,1.46,0,0,2673,10570.5,0.35,0.35,2.95,3.65,867.6,,2011,0,0,0,0,0,0,0,0,0,0,0,0,0,0,0,0,0,0,0,0,0
2011,39,高 知 県,Kochi-ken,83.2,76,1.33,1.52,0,0,2199,9656,0.4,0.26,3.3,3.96,1144.5,,2011,0,0,0,0,0,0,0,0,0,0,0,0,0,0,0,0,0,0,0,0,0
2011,40,福 岡 県,Fukuoka-ken,121.7,508,2.04,1.85,1,1,2778,13875.2,0.69,0.39,3.31,4.39,773.1,2011,0,0,0,0,0,0,0,0,0,0,0,0,1,0,0,0,0,0,0,0,0,0
2011,41,佐 賀 県,Saga-ken,81.9,85,1.94,2.03,1,1,2399,21586.7,0.24,0.35,3.54,4.13,971.1,2011,0,0,0,0,0,0,0,0,0,0,0,0,1,0,0,0,0,0,0,0,0,0
2011,42,長 崎 県,Nagasaki-ken,46.2,142,1.71,2.02,0,0,2351,13033.9,0.71,0.28,2.89,3.88,1005.8,,2011,0,0,0,0,0,0,0,0,0,0,0,0,0,0,0,0,0,0,0,0,0
2011,43,熊 本 県,Kumamoto-ken,111.1,181,1.65,1.67,1,1,2399,17496.9,0.5,0.11,2.87,3.48,867.9,2011,0,0,0,0,0,0,0,0,0,0,0,0,1,0,0,0,0,0,0,0,0,0
2011,44,大 分 県,Oita-ken,146.2,119,1.72,1.79,0,0,2488,12354.4,0.42,0.42,3.61,4.45,922.1,,2011,0,0,0,0,0,0,0,0,0,0,0,0,0,0,0,0,0,0,0,0,0
2011,45,宮 崎 県,Miyazaki-ken,144.3,113,1.83,1.94,0,0,2208,15042.4,0.62,0.27,3.09,3.98,978.5,,2011,0,0,0,0,0,0,0,0,0,0,0,0,0,0,0,0,0,0,0,0,0
2011,46,鹿児島県,Kagoshima-ken,105.1,170,1.77,1.85,0,0,2431,15710.2,0.35,0.29,2.94,3.58,969.7,,2011,0,0,0,0,0,0,0,0,0,0,0,0,0,0,0,0,0,0,0,0,0
2011,47,沖 縄 県,Okinawa-ken,57.3,140,1.9,1.68,0,0,2018,18146.4,0.5,0.14,3.78,4.42,901.6,,2011,0,0,0,0,0,0,0,0,0,0,0,0,0,0,0,0,0,0,0,0,0
2012,1,北 海 道,Hokkaido,657.9,546,0.9,1.03,0,1,2473,225182.1,0.64,0.33,3.3,4.27,1008.2,2016,-4,0,0,0,0,0,0,0,1,0,0,0,0,0,0,0,0,0,0,0,0,0
2012,2,青 森 県,Aomori-ken,99.6,135,1.43,1.83,1,1,2422,28869.2,0.74,0.44,2.52,3.7,1061.8,2010,2,0,0,0,0,0,0,0,0,0,0,0,0,0,1,0,0,0,0,0,0,0
2012,3,岩 手 県,Iwate-ken,289.5,130,1.48,1.66,0,0,2547,19979.8,0.38,0.38,2.53,3.29,1780.9,,2012,0,0,0,0,0,0,0,0,0,0,0,0,0,0,0,0,0,0,0,0,0
2012,4,宮 城 県,Miyagi-ken,145.6,233,2.29,2.03,0,0,2685,19471.9,0.6,0.17,2.84,3.61,1737.6,,2012,0,0,0,0,0,0,0,0,0,0,0,0,0,0,0,0,0,0,0,0,0
2012,5,秋 田 県,Akita-ken,189.8,106,1.18,1.51,0,0,2450,25028.8,0.56,0.47,2.35,3.38,1122,,2012,0,0,0,0,0,0,0,0,0,0,0,0,0,0,0,0,0,0,0,0,0
2012,6,山 形 県,Yamagata-ken,164,115,1.25,1.49,0,0,2490,22907,0.43,0.26,1.91,2.6,963.1,,2012,0,0,0,0,0,0,0,0,0,0,0,0,0,0,0,0,0,0,0,0,0
2012,7,福 島 県,Fukushima-ken,348.6,196,1.19,1.9,0,0,2606,14969.3,0.41,0.25,2.85,3.51,1437.5,,2012,0,0,0,0,0,0,0,0,0,0,0,0,0,0,0,0,0,0,0,0,0
2012,8,茨 城 県,Ibaraki-ken,192.7,294,1.55,1.69,0,0,3137,16837.7,0.31,0.14,2.21,2.66,780.6,,2012,0,0,0,0,0,0,0,0,0,0,0,0,0,0,0,0,0,0,0,0,0
2012,9,栃 木 県,Tochigi-ken,173,199,1.59,1.65,0,0,3008,19584.4,0.45,0.3,3.06,3.81,771.2,,2012,0,0,0,0,0,0,0,0,0,0,0,0,0,0,0,0,0,0,0,0,0
2012,10,群 馬 県,Gumma-ken,177.8,199,1.36,1.43,0,0,2901,12907.8,0.7,0.45,3.61,4.76,770.4,,2012,0,0,0,0,0,0,0,0,0,0,0,0,0,0,0,0,0,0,0,0,0
2012,11,埼 玉 県,Saitama-ken,138.5,721,2.19,2.05,0,0,2806,10732.3,0.4,0.19,1.48,2.07,541.2,,2012,0,0,0,0,0,0,0,0,0,0,0,0,0,0,0,0,0,0,0,0,0
2012,12,千 葉 県,Chiba-ken,127.4,620,2.14,2.27,0,0,2844,17363.9,0.47,0.16,1.68,2.31,595.6,,2012,0,0,0,0,0,0,0,0,0,0,0,0,0,0,0,0,0,0,0,0,0
2012,13,東 京 都,Tokyo-to,49.1,1323,3.03,2.6,0,0,4423,5725.6,1.04,0.33,3.17,4.54,816,,2012,0,0,0,0,0,0,0,0,0,0,0,0,0,0,0,0,0,0,0,0,0
2012,14,神奈川県,Kanagawa-ken,54.6,907,2.29,2.2,0,0,2928,7179.6,0.32,0.2,1.21,1.73,563.3,,2012,0,0,0,0,0,0,0,0,0,0,0,0,0,0,0,0,0,0,0,0,0
2012,15,新 潟 県,Niigata-ken,379.5,235,0.98,1.18,0,1,2708,18756.7,0.77,0.26,3.37,4.4,1062.1,2015,-3,0,0,0,0,0,0,0,0,1,0,0,0,0,0,0,0,0,0,0,0,0
2012,16,富 山 県,Toyama-ken,133.2,108,1.17,1.23,0,1,3077,19977.1,0.46,0.28,2.96,3.7,944,2015,-3,0,0,0,0,0,0,0,0,1,0,0,0,0,0,0,0,0,0,0,0,0
2012,17,石 川 県,Ishikawa-ken,67,116,1.48,1.52,0,1,2849,16243.2,1.03,0.43,3.1,4.56,934.5,2015,-3,0,0,0,0,0,0,0,0,1,0,0,0,0,0,0,0,0,0,0,0,0
2012,18,福 井 県,Fukui-ken,119.9,80,1.1,1.31,0,0,2802,14824,0.5,0.38,2.63,3.51,1030.6,,2012,0,0,0,0,0,0,0,0,0,0,0,0,0,0,0,0,0,0,0,0,0
2012,19,山 梨 県,Yamanashi-ken,139.9,85,1.53,1.68,0,0,2845,6683.9,0.82,0.35,2.7,3.87,1018.4,,2012,0,0,0,0,0,0,0,0,0,0,0,0,0,0,0,0,0,0,0,0,0
2012,20,長 野 県,Nagano-ken,316.5,213,1.27,1.36,0,1,2630,9453.1,0.38,0.42,3.05,3.85,864,2015,-3,0,0,0,0,0,0,0,0,1,0,0,0,0,0,0,0,0,0,0,0,0
2012,21,岐 阜 県,Gifu-ken,234.6,206,1.29,1.48,0,0,2687,8139,0.58,0.53,1.8,2.91,759.3,,2012,0,0,0,0,0,0,0,0,0,0,0,0,0,0,0,0,0,0,0,0,0
2012,22,静 岡 県,Shizuoka-ken,210.5,374,1.39,1.5,0,0,3195,9917,0.37,0.13,2.6,3.1,665.9,,2012,0,0,0,0,0,0,0,0,0,0,0,0,0,0,0,0,0,0,0,0,0
2012,23,愛 知 県,Aichi-ken,178.1,743,1.49,1.39,0,0,3437,9318.3,0.69,0.31,2.37,3.37,652.5,,2012,0,0,0,0,0,0,0,0,0,0,0,0,0,0,0,0,0,0,0,0,0
2012,24,三 重 県,Mie-ken,175.2,184,1.51,1.62,0,0,2932,11670.3,0.43,0.16,2.23,2.82,756.5,,2012,0,0,0,0,0,0,0,0,0,0,0,0,0,0,0,0,0,0,0,0,0
2012,25,滋 賀 県,Shiga-ken,161.4,142,1.87,1.78,0,0,3116,14770.8,0.57,0.28,1.91,2.76,714.9,,2012,0,0,0,0,0,0,0,0,0,0,0,0,0,0,0,0,0,0,0,0,0
2012,26,京 都 府,Kyoto-fu,55.1,263,2.05,2.07,0,0,2949,8927.1,1.26,0.57,2.44,4.27,814.2,,2012,0,0,0,0,0,0,0,0,0,0,0,0,0,0,0,0,0,0,0,0,0
2012,27,大 阪 府,Osaka-fu,114.8,886,1.75,1.69,0,0,2939,5197.3,0.63,0.34,2.66,3.63,747.5,,2012,0,0,0,0,0,0,0,0,0,0,0,0,0,0,0,0,0,0,0,0,0
2012,28,兵 庫 県,Hyogo-ken,267.5,557,1.63,1.65,0,0,2637,7968.7,0.75,0.31,1.69,2.75,786.9,,2012,0,0,0,0,0,0,0,0,0,0,0,0,0,0,0,0,0,0,0,0,0
2012,29,奈 良 県,Nara-ken,18.2,139,1.77,1.97,0,0,2393,7842.3,0.79,0.36,2.95,4.1,729.1,,2012,0,0,0,0,0,0,0,0,0,0,0,0,0,0,0,0,0,0,0,0,0
2012,30,和歌山県,Wakayama-ken,59.6,99,1.19,1.43,0,0,2738,10266.6,0.3,0.1,2.23,2.63,1068.2,,2012,0,0,0,0,0,0,0,0,0,0,0,0,0,0,0,0,0,0,0,0,0
2012,31,鳥 取 県,Tottori-ken,51.8,58,1.57,1.82,0,0,2249,10953.6,0.34,0.17,3.95,4.46,1103.8,,2012,0,0,0,0,0,0,0,0,0,0,0,0,0,0,0,0,0,0,0,0,0
2012,32,島 根 県,Shimane-ken,128,71,1.51,1.68,0,0,2363,9628.3,0.28,0.14,2.83,3.25,1363.8,,2012,0,0,0,0,0,0,0,0,0,0,0,0,0,0,0,0,0,0,0,0,0
2012,33,岡 山 県,Okayama-ken,276.8,194,1.56,1.54,0,0,2705,9238.3,0.88,0.52,2.84,4.24,779.3,,2012,0,0,0,0,0,0,0,0,0,0,0,0,0,0,0,0,0,0,0,0,0
2012,34,広 島 県,Hiroshima-ken,298.9,285,1.64,1.74,0,0,3004,8639.8,0.81,0.25,2.81,3.87,775.6,,2012,0,0,0,0,0,0,0,0,0,0,0,0,0,0,0,0,0,0,0,0,0
2012,35,山 口 県,Yamaguchi-ken,257,143,1.57,1.83,0,0,2935,11466,0.7,0.35,2.87,3.92,894.7,,2012,0,0,0,0,0,0,0,0,0,0,0,0,0,0,0,0,0,0,0,0,0
2012,36,徳 島 県,Tokushima-ken,105.2,78,1.36,1.46,0,0,2727,8604.1,0.52,0.39,2.58,3.49,1061.8,,2012,0,0,0,0,0,0,0,0,0,0,0,0,0,0,0,0,0,0,0,0,0
2012,37,香 川 県,Kagawa-ken,88,99,1.92,1.9,0,0,2863,7966.8,0.4,0.2,2.53,3.13,831.5,,2012,0,0,0,0,0,0,0,0,0,0,0,0,0,0,0,0,0,0,0,0,0
2012,38,愛 媛 県,Ehime-ken,185.6,142,1.32,1.49,0,0,2470,10471,0.35,0.35,2.97,3.67,866,,2012,0,0,0,0,0,0,0,0,0,0,0,0,0,0,0,0,0,0,0,0,0
2012,39,高 知 県,Kochi-ken,97.6,75,1.27,1.53,0,0,2252,9622.2,0.4,0.27,3.32,3.99,1125.7,,2012,0,0,0,0,0,0,0,0,0,0,0,0,0,0,0,0,0,0,0,0,0
2012,40,福 岡 県,Fukuoka-ken,121.7,509,2.02,1.85,1,1,2795,13778.4,0.67,0.39,3.34,4.4,780.8,2011,1,0,0,0,0,0,0,0,0,0,0,0,0,1,0,0,0,0,0,0,0,0
2012,41,佐 賀 県,Saga-ken,81.9,84,1.88,2.04,1,1,2419,21507.1,0.24,0.36,3.56,4.16,965.5,2011,1,0,0,0,0,0,0,0,0,0,0,0,0,1,0,0,0,0,0,0,0,0
2012,42,長 崎 県,Nagasaki-ken,46.2,141,1.69,2.04,0,0,2400,13033.9,0.71,0.21,2.91,3.83,1010.7,,2012,0,0,0,0,0,0,0,0,0,0,0,0,0,0,0,0,0,0,0,0,0
2012,43,熊 本 県,Kumamoto-ken,111.1,181,1.65,1.71,1,1,2442,17362.3,0.5,0.11,2.88,3.49,875.3,2011,1,0,0,0,0,0,0,0,0,0,0,0,0,1,0,0,0,0,0,0,0,0
2012,44,大 分 県,Oita-ken,155.9,119,1.65,1.79,0,0,2489,12268.6,0.42,0.42,3.71,4.55,930.1,,2012,0,0,0,0,0,0,0,0,0,0,0,0,0,0,0,0,0,0,0,0,0
2012,45,宮 崎 県,Miyazaki-ken,167.3,113,1.74,1.93,0,0,2281,14998.7,0.62,0.18,3.02,3.82,937.5,,2012,0,0,0,0,0,0,0,0,0,0,0,0,0,0,0,0,0,0,0,0,0
2012,46,鹿児島県,Kagoshima-ken,105.1,169,1.67,1.88,0,0,2387,15671.8,0.36,0.3,2.9,3.56,958.1,,2012,0,0,0,0,0,0,0,0,0,0,0,0,0,0,0,0,0,0,0,0,0
2012,47,沖 縄 県,Okinawa-ken,57.3,141,1.79,1.71,0,0,2035,18053.6,0.57,0.14,3.76,4.47,940.6,,2012,0,0,0,0,0,0,0,0,0,0,0,0,0,0,0,0,0,0,0,0,0
2013,1,北 海 道,Hokkaido,657.9,543,0.88,1.03,0,1,2545,224791.5,0.66,0.31,3.3,4.27,1032.7,2016,-3,0,0,0,0,0,0,0,0,1,0,0,0,0,0,0,0,0,0,0,0,0
2013,2,青 森 県,Aomori-ken,100,134,1.38,1.84,1,1,2426,28758.5,0.75,0.45,2.32,3.52,1101.1,2010,3,0,0,0,0,0,0,0,0,0,0,0,0,0,0,1,0,0,0,0,0,0
2013,3,岩 手 県,Iwate-ken,289.4,130,1.43,1.62,0,0,2698,19901.3,0.39,0.39,2.55,3.33,1652.2,,2013,0,0,0,0,0,0,0,0,0,0,0,0,0,0,0,0,0,0,0,0,0
2013,4,宮 城 県,Miyagi-ken,144.9,233,2.2,2,0,0,2857,19746.2,0.6,0.17,2.79,3.56,1471.4,,2013,0,0,0,0,0,0,0,0,0,0,0,0,0,0,0,0,0,0,0,0,0
2013,5,秋 田 県,Akita-ken,203.2,105,1.14,1.58,0,0,2463,24962.1,0.67,0.48,2.38,3.53,1166.3,,2013,0,0,0,0,0,0,0,0,0,0,0,0,0,0,0,0,0,0,0,0,0
2013,6,山 形 県,Yamagata-ken,162.7,114,1.18,1.54,0,0,2629,22869.6,0.44,0.26,1.93,2.63,1002.9,,2013,0,0,0,0,0,0,0,0,0,0,0,0,0,0,0,0,0,0,0,0,0
2013,7,福 島 県,Fukushima-ken,348.1,195,1.32,1.59,0,0,2787,14969.3,0.41,0.26,2.83,3.5,1584.9,,2013,0,0,0,0,0,0,0,0,0,0,0,0,0,0,0,0,0,0,0,0,0
2013,8,茨 城 県,Ibaraki-ken,192.7,293,1.53,1.7,0,0,3138,16760.2,0.31,0.1,2.25,2.66,771.6,,2013,0,0,0,0,0,0,0,0,0,0,0,0,0,0,0,0,0,0,0,0,0
2013,9,栃 木 県,Tochigi-ken,173,199,1.55,1.63,0,0,3255,19506.7,0.45,0.3,2.92,3.67,782.1,,2013,0,0,0,0,0,0,0,0,0,0,0,0,0,0,0,0,0,0,0,0,0
2013,10,群 馬 県,Gumma-ken,177.8,198,1.36,1.48,0,0,3054,12803,0.66,0.45,3.48,4.59,789.2,,2013,0,0,0,0,0,0,0,0,0,0,0,0,0,0,0,0,0,0,0,0,0
2013,11,埼 玉 県,Saitama-ken,138.5,722,2.19,2.03,0,0,2859,10650.1,0.4,0.18,1.5,2.08,553.6,,2013,0,0,0,0,0,0,0,0,0,0,0,0,0,0,0,0,0,0,0,0,0
2013,12,千 葉 県,Chiba-ken,127.4,619,2.21,2.17,0,0,3019,17323.2,0.45,0.16,1.58,2.19,598.9,,2013,0,0,0,0,0,0,0,0,0,0,0,0,0,0,0,0,0,0,0,0,0
2013,13,東 京 都,Tokyo-to,49.3,1330,3.07,2.54,0,0,4508,5649.3,1.05,0.32,3.11,4.48,826.1,,2013,0,0,0,0,0,0,0,0,0,0,0,0,0,0,0,0,0,0,0,0,0
2013,14,神奈川県,Kanagawa-ken,50.9,908,2.29,2.15,0,0,2972,7143.9,0.32,0.18,1.21,1.71,580.9,,2013,0,0,0,0,0,0,0,0,0,0,0,0,0,0,0,0,0,0,0,0,0
2013,15,新 潟 県,Niigata-ken,379.5,233,0.97,1.19,0,1,2767,18745.9,0.77,0.21,3.35,4.33,1020.8,2015,-2,0,0,0,0,0,0,0,0,0,1,0,0,0,0,0,0,0,0,0,0,0
2013,16,富 山 県,Toyama-ken,133.2,108,1.13,1.26,0,1,3159,19943.3,0.46,0.19,2.97,3.62,971.6,2015,-2,0,0,0,0,0,0,0,0,0,1,0,0,0,0,0,0,0,0,0,0,0
2013,17,石 川 県,Ishikawa-ken,67,116,1.54,1.6,0,1,2972,16167.5,1.04,0.43,3.02,4.49,944.4,2015,-2,0,0,0,0,0,0,0,0,0,1,0,0,0,0,0,0,0,0,0,0,0
2013,18,福 井 県,Fukui-ken,119.9,80,1.07,1.33,0,0,2845,14787.6,0.5,0.38,2.77,3.65,1070.1,,2013,0,0,0,0,0,0,0,0,0,0,0,0,0,0,0,0,0,0,0,0,0
2013,19,山 梨 県,Yamanashi-ken,139.9,85,1.46,1.74,0,0,2918,6656.7,0.83,0.35,2.72,3.9,1054,,2013,0,0,0,0,0,0,0,0,0,0,0,0,0,0,0,0,0,0,0,0,0
2013,20,長 野 県,Nagano-ken,316.5,212,1.25,1.37,0,1,2714,9410.5,0.38,0.42,2.92,3.72,883.2,2015,-2,0,0,0,0,0,0,0,0,0,1,0,0,0,0,0,0,0,0,0,0,0
2013,21,岐 阜 県,Gifu-ken,234.6,205,1.26,1.5,0,0,2726,8110.8,0.59,0.54,1.76,2.89,779.2,,2013,0,0,0,0,0,0,0,0,0,0,0,0,0,0,0,0,0,0,0,0,0
2013,22,静 岡 県,Shizuoka-ken,210.5,372,1.35,1.54,0,0,3326,9845.9,0.38,0.13,2.58,3.09,677.6,,2013,0,0,0,0,0,0,0,0,0,0,0,0,0,0,0,0,0,0,0,0,0
2013,23,愛 知 県,Aichi-ken,181.8,744,1.5,1.39,0,0,3579,9270.7,0.7,0.3,2.38,3.38,663.1,,2013,0,0,0,0,0,0,0,0,0,0,0,0,0,0,0,0,0,0,0,0,0
2013,24,三 重 県,Mie-ken,189.3,183,1.46,1.64,0,0,3166,11632.1,0.44,0.16,2.24,2.84,775,,2013,0,0,0,0,0,0,0,0,0,0,0,0,0,0,0,0,0,0,0,0,0
2013,25,滋 賀 県,Shiga-ken,161.4,142,1.81,1.83,0,0,3273,14715.3,0.56,0.21,1.91,2.68,765.6,,2013,0,0,0,0,0,0,0,0,0,0,0,0,0,0,0,0,0,0,0,0,0
2013,26,京 都 府,Kyoto-fu,55.1,262,2.04,2.11,0,0,2974,8842.8,1.26,0.57,2.52,4.35,813.7,,2013,0,0,0,0,0,0,0,0,0,0,0,0,0,0,0,0,0,0,0,0,0
2013,27,大 阪 府,Osaka-fu,114.8,885,1.73,1.69,0,0,2995,5159.3,0.63,0.33,2.61,3.57,751.7,,2013,0,0,0,0,0,0,0,0,0,0,0,0,0,0,0,0,0,0,0,0,0
2013,28,兵 庫 県,Hyogo-ken,267.5,556,1.59,1.68,0,0,2816,7937.3,0.74,0.31,1.67,2.72,803.8,,2013,0,0,0,0,0,0,0,0,0,0,0,0,0,0,0,0,0,0,0,0,0
2013,29,奈 良 県,Nara-ken,18.2,138,1.77,1.97,0,0,2530,7807.3,0.8,0.36,3.04,4.2,744.9,,2013,0,0,0,0,0,0,0,0,0,0,0,0,0,0,0,0,0,0,0,0,0
2013,30,和歌山県,Wakayama-ken,59.6,98,1.22,1.47,0,0,2816,10237,0.31,0.1,2.25,2.66,1111.3,,2013,0,0,0,0,0,0,0,0,0,0,0,0,0,0,0,0,0,0,0,0,0
2013,31,鳥 取 県,Tottori-ken,51.8,58,1.52,1.81,0,0,2337,10922.3,0.35,0.17,4.15,4.67,1154.7,,2013,0,0,0,0,0,0,0,0,0,0,0,0,0,0,0,0,0,0,0,0,0
2013,32,島 根 県,Shimane-ken,128,70,1.47,1.66,0,0,2424,9603,0.28,0.14,2.99,3.41,1382.4,,2013,0,0,0,0,0,0,0,0,0,0,0,0,0,0,0,0,0,0,0,0,0
2013,33,岡 山 県,Okayama-ken,276.8,193,1.5,1.54,0,0,2800,9156.7,0.88,0.52,2.8,4.2,810.6,,2013,0,0,0,0,0,0,0,0,0,0,0,0,0,0,0,0,0,0,0,0,0
2013,34,広 島 県,Hiroshima-ken,309.9,284,1.62,1.72,0,0,3060,8579.5,0.74,0.21,2.82,3.77,782.9,,2013,0,0,0,0,0,0,0,0,0,0,0,0,0,0,0,0,0,0,0,0,0
2013,35,山 口 県,Yamaguchi-ken,257,142,1.6,1.83,0,0,3125,11396.5,0.7,0.35,2.89,3.94,936.2,,2013,0,0,0,0,0,0,0,0,0,0,0,0,0,0,0,0,0,0,0,0,0
2013,36,徳 島 県,Tokushima-ken,105.2,77,1.29,1.51,0,0,2878,8548.2,0.52,0.39,2.34,3.25,1107.9,,2013,0,0,0,0,0,0,0,0,0,0,0,0,0,0,0,0,0,0,0,0,0
2013,37,香 川 県,Kagawa-ken,88,99,1.83,1.94,0,0,2798,7916.6,0.41,0.2,2.54,3.15,842.2,,2013,0,0,0,0,0,0,0,0,0,0,0,0,0,0,0,0,0,0,0,0,0
2013,38,愛 媛 県,Ehime-ken,185.6,141,1.27,1.5,0,0,2543,10371.5,0.36,0.36,3.06,3.78,885.3,,2013,0,0,0,0,0,0,0,0,0,0,0,0,0,0,0,0,0,0,0,0,0
2013,39,高 知 県,Kochi-ken,97.6,75,1.3,1.54,0,0,2447,9588.4,0.4,0.27,3.36,4.03,1200.3,,2013,0,0,0,0,0,0,0,0,0,0,0,0,0,0,0,0,0,0,0,0,0
2013,40,福 岡 県,Fukuoka-ken,130.3,509,1.97,1.86,1,1,2831,13746.1,0.67,0.39,3.36,4.42,791.9,2011,2,0,0,0,0,0,0,0,0,0,0,0,0,0,1,0,0,0,0,0,0,0
2013,41,佐 賀 県,Saga-ken,77.8,84,1.87,2.07,1,1,2513,21387.6,0.24,0.36,3.57,4.17,988.6,2011,2,0,0,0,0,0,0,0,0,0,0,0,0,0,1,0,0,0,0,0,0,0
2013,42,長 崎 県,Nagasaki-ken,46.2,140,1.64,2.06,0,0,2419,12982.3,0.72,0.14,2.93,3.79,1024.5,,2013,0,0,0,0,0,0,0,0,0,0,0,0,0,0,0,0,0,0,0,0,0
2013,43,熊 本 県,Kumamoto-ken,111.9,180,1.6,1.75,1,1,2422,17317.4,0.5,0.11,2.89,3.5,925.4,2011,2,0,0,0,0,0,0,0,0,0,0,0,0,0,1,0,0,0,0,0,0,0
2013,44,大 分 県,Oita-ken,155.9,118,1.6,1.82,0,0,2559,12247.2,0.42,0.42,3.74,4.58,954.9,,2013,0,0,0,0,0,0,0,0,0,0,0,0,0,0,0,0,0,0,0,0,0
2013,45,宮 崎 県,Miyazaki-ken,194.8,112,1.72,1.96,0,0,2407,14955,0.63,0.18,2.95,3.76,1004.6,,2013,0,0,0,0,0,0,0,0,0,0,0,0,0,0,0,0,0,0,0,0,0
2013,46,鹿児島県,Kagoshima-ken,105.1,168,1.65,1.88,0,0,2399,15620.6,0.36,0.3,2.74,3.4,995.6,,2013,0,0,0,0,0,0,0,0,0,0,0,0,0,0,0,0,0,0,0,0,0
2013,47,沖 縄 県,Okinawa-ken,57.3,142,1.73,1.73,0,0,2102,18007.1,0.57,0.14,3.75,4.46,1005.9,,2013,0,0,0,0,0,0,0,0,0,0,0,0,0,0,0,0,0,0,0,0,0
2014,1,北 海 道,Hokkaido,684,540,0.86,1.03,0,1,2560,224205.6,0.69,0.31,3.24,4.24,1035.3,2016,-2,0,0,0,0,0,0,0,0,0,1,0,0,0,0,0,0,0,0,0,0,0
2014,2,青 森 県,Aomori-ken,100,132,1.35,1.84,1,1,2405,28555.6,0.76,0.38,2.35,3.49,1076.9,2010,4,0,0,0,0,0,0,0,0,0,0,0,0,0,0,0,1,0,0,0,0,0
2014,3,岩 手 県,Iwate-ken,289.4,128,1.39,1.64,0,0,2716,19835.8,0.39,0.39,2.65,3.43,1569.1,,2014,0,0,0,0,0,0,0,0,0,0,0,0,0,0,0,0,0,0,0,0,0
2014,4,宮 城 県,Miyagi-ken,154.9,233,2.1,2,0,0,2807,19807.1,0.6,0.17,2.79,3.56,1341.8,,2014,0,0,0,0,0,0,0,0,0,0,0,0,0,0,0,0,0,0,0,0,0
2014,5,秋 田 県,Akita-ken,203.2,104,1.12,1.55,0,0,2467,24928.7,0.68,0.48,2.41,3.57,1186.2,,2014,0,0,0,0,0,0,0,0,0,0,0,0,0,0,0,0,0,0,0,0,0
2014,6,山 形 県,Yamagata-ken,162.7,113,1.18,1.49,0,0,2589,22850.9,0.53,0.27,1.95,2.75,999.3,,2014,0,0,0,0,0,0,0,0,0,0,0,0,0,0,0,0,0,0,0,0,0
2014,7,福 島 県,Fukushima-ken,394.1,194,1.4,1.51,0,0,2861,14958.9,0.41,0.26,2.84,3.51,1777.7,,2014,0,0,0,0,0,0,0,0,0,0,0,0,0,0,0,0,0,0,0,0,0
2014,8,茨 城 県,Ibaraki-ken,192.7,292,1.51,1.67,0,0,3088,16692.3,0.31,0.1,2.26,2.67,788.9,,2014,0,0,0,0,0,0,0,0,0,0,0,0,0,0,0,0,0,0,0,0,0
2014,9,栃 木 県,Tochigi-ken,173,198,1.54,1.63,0,0,3204,19428.9,0.45,0.3,2.93,3.68,783.6,,2014,0,0,0,0,0,0,0,0,0,0,0,0,0,0,0,0,0,0,0,0,0
2014,10,群 馬 県,Gumma-ken,177.8,198,1.34,1.46,0,0,3092,12680.8,0.66,0.4,3.49,4.55,803.1,,2014,0,0,0,0,0,0,0,0,0,0,0,0,0,0,0,0,0,0,0,0,0
2014,11,埼 玉 県,Saitama-ken,138.5,724,2.18,1.97,0,0,2903,10554.2,0.4,0.18,1.52,2.1,572.3,,2014,0,0,0,0,0,0,0,0,0,0,0,0,0,0,0,0,0,0,0,0,0
2014,12,千 葉 県,Chiba-ken,127.4,620,2.21,2.08,0,0,2970,17269,0.44,0.16,1.58,2.18,613.9,,2014,0,0,0,0,0,0,0,0,0,0,0,0,0,0,0,0,0,0,0,0,0
2014,13,東 京 都,Tokyo-to,49.3,1339,3.02,2.48,0,0,4512,5565.3,1.04,0.32,3.05,4.41,871.4,,2014,0,0,0,0,0,0,0,0,0,0,0,0,0,0,0,0,0,0,0,0,0
2014,14,神奈川県,Kanagawa-ken,50.9,910,2.24,2.1,0,0,2929,7036.7,0.32,0.18,1.21,1.71,582.5,,2014,0,0,0,0,0,0,0,0,0,0,0,0,0,0,0,0,0,0,0,0,0
2014,15,新 潟 県,Niigata-ken,379.5,231,0.94,1.18,0,1,2697,18691.7,0.78,0.22,3.42,4.42,1133.8,2015,-1,0,0,0,0,0,0,0,0,0,0,1,0,0,0,0,0,0,0,0,0,0
2014,16,富 山 県,Toyama-ken,133.2,107,1.11,1.21,0,1,3185,19909.6,0.47,0.19,2.8,3.46,971.8,2015,-1,0,0,0,0,0,0,0,0,0,0,1,0,0,0,0,0,0,0,0,0,0
2014,17,石 川 県,Ishikawa-ken,67,116,1.47,1.52,0,1,2947,16053.9,1.04,0.43,3.11,4.58,936.4,2015,-1,0,0,0,0,0,0,0,0,0,0,1,0,0,0,0,0,0,0,0,0,0
2014,18,福 井 県,Fukui-ken,158.7,79,1.02,1.3,0,0,2973,14751.3,0.63,0.25,2.66,3.54,1063,,2014,0,0,0,0,0,0,0,0,0,0,0,0,0,0,0,0,0,0,0,0,0
2014,19,山 梨 県,Yamanashi-ken,139.9,84,1.43,1.74,0,0,2797,6656.7,0.83,0.36,2.73,3.92,1059.5,,2014,0,0,0,0,0,0,0,0,0,0,0,0,0,0,0,0,0,0,0,0,0
2014,20,長 野 県,Nagano-ken,316.5,211,1.22,1.38,0,1,2821,9367.9,0.38,0.43,2.94,3.75,905.2,2015,-1,0,0,0,0,0,0,0,0,0,0,1,0,0,0,0,0,0,0,0,0,0
2014,21,岐 阜 県,Gifu-ken,234.6,204,1.24,1.44,0,0,2717,8082.5,0.59,0.54,1.76,2.89,781.6,,2014,0,0,0,0,0,0,0,0,0,0,0,0,0,0,0,0,0,0,0,0,0
2014,22,静 岡 県,Shizuoka-ken,210.5,371,1.32,1.51,0,0,3220,9746.3,0.38,0.13,2.62,3.13,685.8,,2014,0,0,0,0,0,0,0,0,0,0,0,0,0,0,0,0,0,0,0,0,0
2014,23,愛 知 県,Aichi-ken,181.8,746,1.47,1.38,0,0,3527,9211.2,0.68,0.3,2.4,3.38,687.9,,2014,0,0,0,0,0,0,0,0,0,0,0,0,0,0,0,0,0,0,0,0,0
2014,24,三 重 県,Mie-ken,189.3,183,1.44,1.6,0,0,3144,11574.8,0.38,0.16,2.36,2.9,773.7,,2014,0,0,0,0,0,0,0,0,0,0,0,0,0,0,0,0,0,0,0,0,0
2014,25,滋 賀 県,Shiga-ken,161.4,142,1.73,1.8,0,0,3126,14659.7,0.56,0.21,1.91,2.68,759.4,,2014,0,0,0,0,0,0,0,0,0,0,0,0,0,0,0,0,0,0,0,0,0
2014,26,京 都 府,Kyoto-fu,55.1,261,2.05,2.09,0,0,3028,8758.6,1.3,0.54,2.49,4.33,833,,2014,0,0,0,0,0,0,0,0,0,0,0,0,0,0,0,0,0,0,0,0,0
2014,27,大 阪 府,Osaka-fu,114.6,884,1.69,1.69,0,0,3013,5083.5,0.65,0.31,2.56,3.52,758.5,,2014,0,0,0,0,0,0,0,0,0,0,0,0,0,0,0,0,0,0,0,0,0
2014,28,兵 庫 県,Hyogo-ken,267.5,554,1.56,1.69,0,0,2844,7895.4,0.7,0.31,1.64,2.65,787.4,,2014,0,0,0,0,0,0,0,0,0,0,0,0,0,0,0,0,0,0,0,0,0
2014,29,奈 良 県,Nara-ken,17.8,138,1.72,1.94,0,0,2534,7702.3,0.8,0.29,2.76,3.85,748.1,,2014,0,0,0,0,0,0,0,0,0,0,0,0,0,0,0,0,0,0,0,0,0
2014,30,和歌山県,Wakayama-ken,59.6,97,1.18,1.48,0,0,2798,10118.6,0.31,0.1,2.37,2.78,1077,,2014,0,0,0,0,0,0,0,0,0,0,0,0,0,0,0,0,0,0,0,0,0
2014,31,鳥 取 県,Tottori-ken,51.8,57,1.56,1.76,0,0,2330,10891,0.35,0.17,3.83,4.35,1162.9,,2014,0,0,0,0,0,0,0,0,0,0,0,0,0,0,0,0,0,0,0,0,0
2014,32,島 根 県,Shimane-ken,128,70,1.44,1.67,0,0,2440,9552.3,0.29,0.14,3.01,3.44,1400.5,,2014,0,0,0,0,0,0,0,0,0,0,0,0,0,0,0,0,0,0,0,0,0
2014,33,岡 山 県,Okayama-ken,276.8,192,1.5,1.52,0,0,2711,9088.7,0.88,0.52,2.91,4.31,817.8,,2014,0,0,0,0,0,0,0,0,0,0,0,0,0,0,0,0,0,0,0,0,0
2014,34,広 島 県,Hiroshima-ken,329.9,283,1.59,1.68,0,0,3145,8519.2,0.71,0.21,2.82,3.74,791.4,,2014,0,0,0,0,0,0,0,0,0,0,0,0,0,0,0,0,0,0,0,0,0
2014,35,山 口 県,Yamaguchi-ken,257,141,1.57,1.83,0,0,3126,11303.9,0.71,0.36,2.98,4.05,928,,2014,0,0,0,0,0,0,0,0,0,0,0,0,0,0,0,0,0,0,0,0,0
2014,36,徳 島 県,Tokushima-ken,116.1,76,1.24,1.43,0,0,2905,8492.3,0.52,0.39,2.36,3.27,1132.9,,2014,0,0,0,0,0,0,0,0,0,0,0,0,0,0,0,0,0,0,0,0,0
2014,37,香 川 県,Kagawa-ken,88,98,1.76,1.88,0,0,2890,7841.2,0.41,0.2,2.75,3.36,865.6,,2014,0,0,0,0,0,0,0,0,0,0,0,0,0,0,0,0,0,0,0,0,0
2014,38,愛 媛 県,Ehime-ken,185.6,140,1.25,1.5,0,0,2520,10192.3,0.36,0.36,2.87,3.59,893.2,,2014,0,0,0,0,0,0,0,0,0,0,0,0,0,0,0,0,0,0,0,0,0
2014,39,高 知 県,Kochi-ken,97.6,74,1.22,1.52,0,0,2530,9554.7,0.41,0.27,3.39,4.07,1193,,2014,0,0,0,0,0,0,0,0,0,0,0,0,0,0,0,0,0,0,0,0,0
2014,40,福 岡 県,Fukuoka-ken,145.4,509,1.9,1.82,1,1,2759,13697.7,0.67,0.39,3.38,4.44,800.4,2011,3,0,0,0,0,0,0,0,0,0,0,0,0,0,0,1,0,0,0,0,0,0
2014,41,佐 賀 県,Saga-ken,77.8,84,1.79,2.07,1,1,2509,21268.1,0.24,0.36,3.71,4.31,1010.2,2011,3,0,0,0,0,0,0,0,0,0,0,0,0,0,0,1,0,0,0,0,0,0
2014,42,長 崎 県,Nagasaki-ken,46.2,139,1.62,2.04,0,0,2354,12879.1,0.72,0.14,2.96,3.82,1038.6,,2014,0,0,0,0,0,0,0,0,0,0,0,0,0,0,0,0,0,0,0,0,0
2014,43,熊 本 県,Kumamoto-ken,111.9,179,1.54,1.7,1,1,2395,17197.8,0.5,0.11,2.9,3.51,918.2,2011,3,0,0,0,0,0,0,0,0,0,0,0,0,0,0,1,0,0,0,0,0,0
2014,44,大 分 県,Oita-ken,190.6,117,1.55,1.78,0,0,2583,12204.3,0.43,0.43,3.93,4.79,938.1,,2014,0,0,0,0,0,0,0,0,0,0,0,0,0,0,0,0,0,0,0,0,0
2014,45,宮 崎 県,Miyazaki-ken,194.8,111,1.65,1.94,0,0,2381,14889.5,0.63,0.18,2.78,3.59,1000.7,,2014,0,0,0,0,0,0,0,0,0,0,0,0,0,0,0,0,0,0,0,0,0
2014,46,鹿児島県,Kagoshima-ken,122.9,167,1.57,1.84,0,0,2389,15543.8,0.36,0.3,2.76,3.42,996.6,,2014,0,0,0,0,0,0,0,0,0,0,0,0,0,0,0,0,0,0,0,0,0
2014,47,沖 縄 県,Okinawa-ken,57.3,142,1.71,1.72,0,0,2129,17960.7,0.56,0.14,3.73,4.43,1036.5,,2014,0,0,0,0,0,0,0,0,0,0,0,0,0,0,0,0,0,0,0,0,0
2015,1,北 海 道,Hokkaido,710,538,0.88,1.05,0,1,2589,258141.5,0.69,0.32,3.18,4.19,1043.4,2016,-1,0,0,0,0,0,0,0,0,0,0,1,0,0,0,0,0,0,0,0,0,0
2015,2,青 森 県,Aomori-ken,100,131,1.35,1.86,1,1,2462,34233.3,0.76,0.38,2.29,3.43,1071.1,2010,5,0,0,0,0,0,0,0,0,0,0,0,0,0,0,0,0,1,0,0,0,0
2015,3,岩 手 県,Iwate-ken,299.2,128,1.38,1.7,0,0,2760,22859.6,0.39,0.39,2.81,3.59,1566.1,,2015,0,0,0,0,0,0,0,0,0,0,0,0,0,0,0,0,0,0,0,0,0
2015,4,宮 城 県,Miyagi-ken,154.9,233,2.07,2.07,0,0,2987,24718.2,0.6,0.17,2.79,3.56,1321.9,,2015,0,0,0,0,0,0,0,0,0,0,0,0,0,0,0,0,0,0,0,0,0
2015,5,秋 田 県,Akita-ken,203.2,102,1.14,1.58,0,0,2420,30480.3,0.68,0.49,2.44,3.61,1177.1,,2015,0,0,0,0,0,0,0,0,0,0,0,0,0,0,0,0,0,0,0,0,0
2015,6,山 形 県,Yamagata-ken,162.7,112,1.17,1.54,0,0,2677,26198.5,0.53,0.27,1.96,2.76,1017.6,,2015,0,0,0,0,0,0,0,0,0,0,0,0,0,0,0,0,0,0,0,0,0
2015,7,福 島 県,Fukushima-ken,394.1,191,1.47,1.6,0,0,2941,19113.9,0.42,0.26,2.87,3.55,1752.6,,2015,0,0,0,0,0,0,0,0,0,0,0,0,0,0,0,0,0,0,0,0,0
2015,8,茨 城 県,Ibaraki-ken,192.7,292,1.56,1.72,0,0,3079,19491.8,0.31,0.1,2.23,2.64,802.9,,2015,0,0,0,0,0,0,0,0,0,0,0,0,0,0,0,0,0,0,0,0,0
2015,9,栃 木 県,Tochigi-ken,173,197,1.56,1.7,0,0,3481,22454.3,0.46,0.3,3.04,3.8,807.3,,2015,0,0,0,0,0,0,0,0,0,0,0,0,0,0,0,0,0,0,0,0,0
2015,10,群 馬 県,Gumma-ken,177.8,197,1.37,1.48,0,0,3145,14355.9,0.66,0.41,3.55,4.62,821.6,,2015,0,0,0,0,0,0,0,0,0,0,0,0,0,0,0,0,0,0,0,0,0
2015,11,埼 玉 県,Saitama-ken,138.5,727,2.23,2.05,0,0,2977,11888.8,0.41,0.18,1.47,2.06,574,,2015,0,0,0,0,0,0,0,0,0,0,0,0,0,0,0,0,0,0,0,0,0
2015,12,千 葉 県,Chiba-ken,127.4,622,2.3,2.13,0,0,2920,20243.9,0.43,0.16,1.57,2.16,627.4,,2015,0,0,0,0,0,0,0,0,0,0,0,0,0,0,0,0,0,0,0,0,0
2015,13,東 京 都,Tokyo-to,49.3,1352,3.15,2.55,0,0,5378,6353.6,1.01,0.29,2.99,4.29,897.8,,2015,0,0,0,0,0,0,0,0,0,0,0,0,0,0,0,0,0,0,0,0,0
2015,14,神奈川県,Kanagawa-ken,50.9,913,2.31,2.16,0,0,2986,7983.1,0.33,0.18,1.22,1.73,594.7,,2015,0,0,0,0,0,0,0,0,0,0,0,0,0,0,0,0,0,0,0,0,0
2015,15,新 潟 県,Niigata-ken,379.5,230,0.95,1.24,1,1,2778,21924,0.78,0.22,3.52,4.52,979.9,2015,0,0,0,0,0,0,0,0,0,0,0,0,1,0,0,0,0,0,0,0,0,0
2015,16,富 山 県,Toyama-ken,133.2,107,1.18,1.27,1,1,3373,24708,0.47,0.19,2.72,3.38,928,2015,0,0,0,0,0,0,0,0,0,0,0,0,1,0,0,0,0,0,0,0,0,0
2015,17,石 川 県,Ishikawa-ken,67,115,1.55,1.58,1,1,2949,19964.9,1.04,0.43,3.21,4.68,915.4,2015,0,0,0,0,0,0,0,0,0,0,0,0,1,0,0,0,0,0,0,0,0,0
2015,18,福 井 県,Fukui-ken,158.7,79,1.08,1.36,0,0,3196,17751,0.64,0.25,2.8,3.69,1095.6,,2015,0,0,0,0,0,0,0,0,0,0,0,0,0,0,0,0,0,0,0,0,0
2015,19,山 梨 県,Yamanashi-ken,139.9,83,1.51,1.81,0,0,2785,7436.3,0.84,0.36,2.75,3.95,1071,,2015,0,0,0,0,0,0,0,0,0,0,0,0,0,0,0,0,0,0,0,0,0
2015,20,長 野 県,Nagano-ken,316.5,210,1.27,1.41,1,1,2927,10395.3,0.43,0.43,2.95,3.81,904.9,2015,0,0,0,0,0,0,0,0,0,0,0,0,1,0,0,0,0,0,0,0,0,0
2015,21,岐 阜 県,Gifu-ken,234.6,203,1.27,1.53,0,0,2755,9360.1,0.59,0.54,1.72,2.85,802.8,,2015,0,0,0,0,0,0,0,0,0,0,0,0,0,0,0,0,0,0,0,0,0
2015,22,静 岡 県,Shizuoka-ken,210.5,370,1.37,1.54,0,0,3316,11114.2,0.38,0.14,2.59,3.11,695.3,,2015,0,0,0,0,0,0,0,0,0,0,0,0,0,0,0,0,0,0,0,0,0
2015,23,愛 知 県,Aichi-ken,235.3,748,1.53,1.42,0,0,3677,10415.4,0.67,0.29,2.38,3.34,689.3,,2015,0,0,0,0,0,0,0,0,0,0,0,0,0,0,0,0,0,0,0,0,0
2015,24,三 重 県,Mie-ken,189.3,182,1.47,1.7,0,0,3556,14025.8,0.39,0.17,2.31,2.87,796.6,,2015,0,0,0,0,0,0,0,0,0,0,0,0,0,0,0,0,0,0,0,0,0
2015,25,滋 賀 県,Shiga-ken,161.4,141,1.76,1.9,0,0,3058,18125.4,0.57,0.21,1.84,2.62,769.2,,2015,0,0,0,0,0,0,0,0,0,0,0,0,0,0,0,0,0,0,0,0,0
2015,26,京 都 府,Kyoto-fu,55.1,261,2.13,2.14,0,0,2942,10090.2,1.3,0.54,2.53,4.37,832,,2015,0,0,0,0,0,0,0,0,0,0,0,0,0,0,0,0,0,0,0,0,0
2015,27,大 阪 府,Osaka-fu,114.6,884,1.77,1.74,0,0,3127,5503.9,0.62,0.29,2.58,3.49,770.3,,2015,0,0,0,0,0,0,0,0,0,0,0,0,0,0,0,0,0,0,0,0,0
2015,28,兵 庫 県,Hyogo-ken,267.5,553,1.59,1.72,0,0,2752,9211.9,0.69,0.31,1.7,2.7,794.2,,2015,0,0,0,0,0,0,0,0,0,0,0,0,0,0,0,0,0,0,0,0,0
2015,29,奈 良 県,Nara-ken,17.8,136,1.74,2.03,0,0,2494,8517.6,0.81,0.29,2.57,3.67,780.5,,2015,0,0,0,0,0,0,0,0,0,0,0,0,0,0,0,0,0,0,0,0,0
2015,30,和歌山県,Wakayama-ken,99,96,1.16,1.57,0,0,2738,11341.8,0.31,0.1,2.49,2.9,1094.5,,2015,0,0,0,0,0,0,0,0,0,0,0,0,0,0,0,0,0,0,0,0,0
2015,31,鳥 取 県,Tottori-ken,51.8,57,1.57,1.84,0,0,2249,12521.2,0.52,0.17,4.19,4.88,1167.4,,2015,0,0,0,0,0,0,0,0,0,0,0,0,0,0,0,0,0,0,0,0,0
2015,32,島 根 県,Shimane-ken,128,69,1.52,1.72,0,0,2647,11189.7,0.29,0.14,3.02,3.45,1393.3,,2015,0,0,0,0,0,0,0,0,0,0,0,0,0,0,0,0,0,0,0,0,0
2015,33,岡 山 県,Okayama-ken,276.8,192,1.53,1.59,0,0,2744,10608.4,0.88,0.52,2.91,4.31,833.5,,2015,0,0,0,0,0,0,0,0,0,0,0,0,0,0,0,0,0,0,0,0,0
2015,34,広 島 県,Hiroshima-ken,329.9,284,1.65,1.75,0,0,3074,9881.2,0.7,0.21,2.81,3.72,801.3,,2015,0,0,0,0,0,0,0,0,0,0,0,0,0,0,0,0,0,0,0,0,0
2015,35,山 口 県,Yamaguchi-ken,257.4,140,1.56,1.89,0,0,2774,13617.7,0.71,0.36,2.99,4.06,924.4,,2015,0,0,0,0,0,0,0,0,0,0,0,0,0,0,0,0,0,0,0,0,0
2015,36,徳 島 県,Tokushima-ken,116.1,76,1.25,1.55,0,0,2921,9783.2,0.53,0.4,2.38,3.31,1126.2,,2015,0,0,0,0,0,0,0,0,0,0,0,0,0,0,0,0,0,0,0,0,0
2015,37,香 川 県,Kagawa-ken,88,98,1.84,1.89,0,0,2925,8816.1,0.41,0.2,2.77,3.38,894.4,,2015,0,0,0,0,0,0,0,0,0,0,0,0,0,0,0,0,0,0,0,0,0
2015,38,愛 媛 県,Ehime-ken,185.6,139,1.28,1.56,0,0,2535,11928.4,0.36,0.36,2.89,3.61,916.5,,2015,0,0,0,0,0,0,0,0,0,0,0,0,0,0,0,0,0,0,0,0,0
2015,39,高 知 県,Kochi-ken,97.6,73,1.26,1.58,0,0,2532,11087,0.41,0.27,3.43,4.11,1243.3,,2015,0,0,0,0,0,0,0,0,0,0,0,0,0,0,0,0,0,0,0,0,0
2015,40,福 岡 県,Fukuoka-ken,145.4,510,1.96,1.89,1,1,2724,16032.9,0.67,0.39,3.35,4.41,820.9,2011,4,0,0,0,0,0,0,0,0,0,0,0,0,0,0,0,1,0,0,0,0,0
2015,41,佐 賀 県,Saga-ken,77.8,83,1.84,2.16,1,1,2412,24054.8,0.24,0.36,3.6,4.2,1037.9,2011,4,0,0,0,0,0,0,0,0,0,0,0,0,0,0,0,1,0,0,0,0,0
2015,42,長 崎 県,Nagasaki-ken,46.2,138,1.66,2.09,0,0,2388,14525.8,0.73,0.15,2.98,3.86,1033.7,,2015,0,0,0,0,0,0,0,0,0,0,0,0,0,0,0,0,0,0,0,0,0
2015,43,熊 本 県,Kumamoto-ken,111.9,179,1.56,1.78,1,1,2438,19533,0.5,0.11,2.91,3.52,914.9,2011,4,0,0,0,0,0,0,0,0,0,0,0,0,0,0,0,1,0,0,0,0,0
2015,44,大 分 県,Oita-ken,190.6,117,1.58,1.78,0,0,2619,14338.2,0.43,0.43,3.94,4.8,949.7,,2015,0,0,0,0,0,0,0,0,0,0,0,0,0,0,0,0,0,0,0,0,0
2015,45,宮 崎 県,Miyazaki-ken,194.8,110,1.66,1.97,0,0,2315,17669.4,0.63,0.18,2.99,3.8,1112.8,,2015,0,0,0,0,0,0,0,0,0,0,0,0,0,0,0,0,0,0,0,0,0
2015,46,鹿児島県,Kagoshima-ken,122.9,165,1.6,1.93,0,0,2384,18891.8,0.36,0.24,2.67,3.27,1027.6,,2015,0,0,0,0,0,0,0,0,0,0,0,0,0,0,0,0,0,0,0,0,0
2015,47,沖 縄 県,Okinawa-ken,57.3,143,1.77,1.77,0,0,2166,19246.1,0.56,0.14,3.77,4.47,1046.4,,2015,0,0,0,0,0,0,0,0,0,0,0,0,0,0,0,0,0,0,0,0,0
2016,1,北 海 道,Hokkaido,710,535,0.91,1.04,1,1,2589,257916.4,0.69,0.32,3.2,4.21,1065.9,2016,0,0,0,0,0,0,0,0,0,0,0,0,1,0,0,0,0,0,0,0,0,0
2016,2,青 森 県,Aomori-ken,100,129,1.32,1.81,1,1,2462,34010,0.77,0.39,2.24,3.4,1085.6,2010,6,0,0,0,0,0,0,0,0,0,0,0,0,0,0,0,0,0,1,0,0,0
2016,3,岩 手 県,Iwate-ken,299.2,127,1.35,1.65,0,0,2760,22814.3,0.39,0.39,2.84,3.62,1560.5,,2016,0,0,0,0,0,0,0,0,0,0,0,0,0,0,0,0,0,0,0,0,0
2016,4,宮 城 県,Miyagi-ken,154.9,233,2.02,2.04,0,0,2987,24546.3,0.6,0.17,2.75,3.52,1221.9,,2016,0,0,0,0,0,0,0,0,0,0,0,0,0,0,0,0,0,0,0,0,0
2016,5,秋 田 県,Akita-ken,203.2,101,1.12,1.56,0,0,2420,30378.4,0.69,0.4,2.38,3.47,1169.8,,2016,0,0,0,0,0,0,0,0,0,0,0,0,0,0,0,0,0,0,0,0,0
2016,6,山 形 県,Yamagata-ken,162.7,111,1.16,1.49,0,0,2677,25830.7,0.54,0.27,1.89,2.7,1051.2,,2016,0,0,0,0,0,0,0,0,0,0,0,0,0,0,0,0,0,0,0,0,0
2016,7,福 島 県,Fukushima-ken,395,190,1.34,1.65,0,0,2941,19007.7,0.42,0.26,2.89,3.57,1780.4,,2016,0,0,0,0,0,0,0,0,0,0,0,0,0,0,0,0,0,0,0,0,0
2016,8,茨 城 県,Ibaraki-ken,192.7,291,1.55,1.68,0,0,3079,19297.9,0.31,0.1,2.27,2.68,790.2,,2016,0,0,0,0,0,0,0,0,0,0,0,0,0,0,0,0,0,0,0,0,0
2016,9,栃 木 県,Tochigi-ken,173,197,1.51,1.67,0,0,3481,22400.2,0.46,0.31,3.05,3.82,796.9,,2016,0,0,0,0,0,0,0,0,0,0,0,0,0,0,0,0,0,0,0,0,0
2016,10,群 馬 県,Gumma-ken,176,197,1.34,1.48,0,0,3145,14156.2,0.66,0.41,3.46,4.53,806,,2016,0,0,0,0,0,0,0,0,0,0,0,0,0,0,0,0,0,0,0,0,0
2016,11,埼 玉 県,Saitama-ken,138.5,729,2.19,1.97,0,0,2977,11810.9,0.38,0.18,1.47,2.03,572.1,,2016,0,0,0,0,0,0,0,0,0,0,0,0,0,0,0,0,0,0,0,0,0
2016,12,千 葉 県,Chiba-ken,127.4,624,2.29,2.04,0,0,2920,20164.1,0.43,0.16,1.59,2.18,621.8,,2016,0,0,0,0,0,0,0,0,0,0,0,0,0,0,0,0,0,0,0,0,0
2016,13,東 京 都,Tokyo-to,49.3,1362,3.03,2.49,0,0,5378,6237.7,1.01,0.28,2.95,4.24,884.7,,2016,0,0,0,0,0,0,0,0,0,0,0,0,0,0,0,0,0,0,0,0,0
2016,14,神奈川県,Kanagawa-ken,50.9,915,2.25,2.11,0,0,2986,7901.6,0.34,0.16,1.2,1.7,599.8,,2016,0,0,0,0,0,0,0,0,0,0,0,0,0,0,0,0,0,0,0,0,0
2016,15,新 潟 県,Niigata-ken,379.5,229,0.93,1.2,1,1,2778,21834.7,0.79,0.22,3.54,4.55,961.1,2015,1,0,0,0,0,0,0,0,0,0,0,0,0,1,0,0,0,0,0,0,0,0
2016,16,富 山 県,Toyama-ken,133.2,106,1.15,1.25,1,1,3373,24665.9,0.47,0.19,2.64,3.3,919.7,2015,1,0,0,0,0,0,0,0,0,0,0,0,0,1,0,0,0,0,0,0,0,0
2016,17,石 川 県,Ishikawa-ken,67,115,1.52,1.59,1,1,2949,19822.6,1.04,0.43,3.21,4.68,960.1,2015,1,0,0,0,0,0,0,0,0,0,0,0,0,1,0,0,0,0,0,0,0,0
2016,18,福 井 県,Fukui-ken,158.7,78,1.09,1.33,0,0,3196,17707.2,0.64,0.26,2.69,3.59,1082.7,,2016,0,0,0,0,0,0,0,0,0,0,0,0,0,0,0,0,0,0,0,0,0
2016,19,山 梨 県,Yamanashi-ken,148.6,83,1.49,1.73,0,0,2785,7374.9,0.84,0.36,2.89,4.09,1053,,2016,0,0,0,0,0,0,0,0,0,0,0,0,0,0,0,0,0,0,0,0,0
2016,20,長 野 県,Nagano-ken,316.5,209,1.23,1.36,1,1,2927,10309.4,0.43,0.43,2.92,3.78,901,2015,1,0,0,0,0,0,0,0,0,0,0,0,0,1,0,0,0,0,0,0,0,0
2016,21,岐 阜 県,Gifu-ken,234.6,202,1.26,1.51,0,0,2755,9327.2,0.59,0.54,1.68,2.81,802.5,,2016,0,0,0,0,0,0,0,0,0,0,0,0,0,0,0,0,0,0,0,0,0
2016,22,静 岡 県,Shizuoka-ken,210.5,369,1.33,1.51,0,0,3316,10983.3,0.38,0.14,2.52,3.04,700.6,,2016,0,0,0,0,0,0,0,0,0,0,0,0,0,0,0,0,0,0,0,0,0
2016,23,愛 知 県,Aichi-ken,235.3,751,1.48,1.4,0,0,3677,10334.1,0.67,0.29,2.37,3.33,686.2,,2016,0,0,0,0,0,0,0,0,0,0,0,0,0,0,0,0,0,0,0,0,0
2016,24,三 重 県,Mie-ken,193.7,181,1.42,1.62,0,0,3556,13955.9,0.39,0.17,2.21,2.77,798.3,,2016,0,0,0,0,0,0,0,0,0,0,0,0,0,0,0,0,0,0,0,0,0
2016,25,滋 賀 県,Shiga-ken,161.4,141,1.74,1.79,0,0,3058,18056.5,0.57,0.21,1.84,2.62,774.4,,2016,0,0,0,0,0,0,0,0,0,0,0,0,0,0,0,0,0,0,0,0,0
2016,26,京 都 府,Kyoto-fu,55.1,261,2.06,2.09,0,0,2942,10025.1,1.31,0.5,2.5,4.31,805.4,,2016,0,0,0,0,0,0,0,0,0,0,0,0,0,0,0,0,0,0,0,0,0
2016,27,大 阪 府,Osaka-fu,114.6,883,1.73,1.71,0,0,3127,5462.2,0.62,0.28,2.54,3.44,753.4,,2016,0,0,0,0,0,0,0,0,0,0,0,0,0,0,0,0,0,0,0,0,0
2016,28,兵 庫 県,Hyogo-ken,267.5,552,1.56,1.68,0,0,2752,9175.1,0.67,0.31,1.76,2.74,788.7,,2016,0,0,0,0,0,0,0,0,0,0,0,0,0,0,0,0,0,0,0,0,0
2016,29,奈 良 県,Nara-ken,17.8,136,1.7,1.96,0,0,2494,8361.3,0.81,0.29,2.51,3.61,781.7,,2016,0,0,0,0,0,0,0,0,0,0,0,0,0,0,0,0,0,0,0,0,0
2016,30,和歌山県,Wakayama-ken,99,95,1.12,1.53,0,0,2738,11207.2,0.31,0.1,2.41,2.82,1074.6,,2016,0,0,0,0,0,0,0,0,0,0,0,0,0,0,0,0,0,0,0,0,0
2016,31,鳥 取 県,Tottori-ken,51.8,57,1.52,1.75,0,0,2249,12521.2,0.53,0.18,4.21,4.92,1186.5,,2016,0,0,0,0,0,0,0,0,0,0,0,0,0,0,0,0,0,0,0,0,0
2016,32,島 根 県,Shimane-ken,128,69,1.49,1.67,0,0,2647,11100.2,0.29,0.14,3.04,3.47,1346.3,,2016,0,0,0,0,0,0,0,0,0,0,0,0,0,0,0,0,0,0,0,0,0
2016,33,岡 山 県,Okayama-ken,276.8,192,1.46,1.57,0,0,2744,10528.5,0.89,0.52,2.72,4.13,813.1,,2016,0,0,0,0,0,0,0,0,0,0,0,0,0,0,0,0,0,0,0,0,0
2016,34,広 島 県,Hiroshima-ken,329.9,284,1.62,1.7,0,0,3074,9810.7,0.7,0.21,2.82,3.73,792.8,,2016,0,0,0,0,0,0,0,0,0,0,0,0,0,0,0,0,0,0,0,0,0
2016,35,山 口 県,Yamaguchi-ken,257.4,139,1.53,1.81,0,0,2774,13533.3,0.72,0.36,3.01,4.09,918.8,,2016,0,0,0,0,0,0,0,0,0,0,0,0,0,0,0,0,0,0,0,0,0
2016,36,徳 島 県,Tokushima-ken,116.1,75,1.21,1.45,0,0,2921,9588.2,0.53,0.4,2.4,3.33,1116.8,,2016,0,0,0,0,0,0,0,0,0,0,0,0,0,0,0,0,0,0,0,0,0
2016,37,香 川 県,Kagawa-ken,88,97,1.74,1.86,0,0,2925,8759.2,0.41,0.21,2.78,3.4,890.2,,2016,0,0,0,0,0,0,0,0,0,0,0,0,0,0,0,0,0,0,0,0,0
2016,38,愛 媛 県,Ehime-ken,185.6,138,1.24,1.51,0,0,2535,11810.1,0.36,0.36,2.91,3.63,923.1,,2016,0,0,0,0,0,0,0,0,0,0,0,0,0,0,0,0,0,0,0,0,0
2016,39,高 知 県,Kochi-ken,97.6,72,1.24,1.55,0,0,2532,10968.6,0.42,0.28,3.61,4.31,1255.2,,2016,0,0,0,0,0,0,0,0,0,0,0,0,0,0,0,0,0,0,0,0,0
2016,40,福 岡 県,Fukuoka-ken,153,510,1.93,1.81,1,1,2724,15919.1,0.67,0.39,3.35,4.41,811.2,2011,5,0,0,0,0,0,0,0,0,0,0,0,0,0,0,0,0,1,0,0,0,0
2016,41,佐 賀 県,Saga-ken,77.8,83,1.79,2.07,1,1,2412,23873.3,0.24,0.36,3.62,4.22,1043.7,2011,5,0,0,0,0,0,0,0,0,0,0,0,0,0,0,0,0,1,0,0,0,0
2016,42,長 崎 県,Nagasaki-ken,46.2,137,1.62,2.02,0,0,2388,14200.3,0.73,0.15,3,3.88,1049.7,,2016,0,0,0,0,0,0,0,0,0,0,0,0,0,0,0,0,0,0,0,0,0
2016,43,熊 本 県,Kumamoto-ken,111.9,177,1.47,1.85,1,1,2438,19173.5,0.51,0.11,3.04,3.66,1135.5,2011,5,0,0,0,0,0,0,0,0,0,0,0,0,0,0,0,0,1,0,0,0,0
2016,44,大 分 県,Oita-ken,190.6,116,1.54,1.76,0,0,2619,14211.5,0.43,0.43,3.97,4.83,955.5,,2016,0,0,0,0,0,0,0,0,0,0,0,0,0,0,0,0,0,0,0,0,0
2016,45,宮 崎 県,Miyazaki-ken,194.8,110,1.59,1.98,0,0,2315,17591.3,0.64,0.18,3.1,3.92,1027.1,,2016,0,0,0,0,0,0,0,0,0,0,0,0,0,0,0,0,0,0,0,0,0
2016,46,鹿児島県,Kagoshima-ken,122.7,164,1.58,1.85,0,0,2384,18829.3,0.37,0.24,2.75,3.36,1029.1,,2016,0,0,0,0,0,0,0,0,0,0,0,0,0,0,0,0,0,0,0,0,0
2016,47,沖 縄 県,Okinawa-ken,57.3,144,1.71,1.73,0,0,2166,19046.7,0.56,0.14,3.75,4.45,1056.8,,2016,0,0,0,0,0,0,0,0,0,0,0,0,0,0,0,0,0,0,0,0,0
2017,1,北海道,Hokkaido,725.4,532,0.91,1.04,1,1,2617,257691.4,0.71,0.3,3.18,4.19,1091.2,2016,1,0,0,0,0,0,0,0,0,0,0,0,0,1,0,0,0,0,0,0,0,0
2017,2,青森県,Aomori-ken,100,128,1.37,1.84,1,1,2558,33831.3,0.78,0.39,2.19,3.36,1099.7,2010,7,0,0,0,0,0,0,0,0,0,0,0,0,0,0,0,0,0,0,1,0,0
2017,3,岩手県,Iwate-ken,299.2,126,1.33,1.67,0,0,2737,22768.9,0.48,0.4,2.87,3.75,1525.4,,2017,0,0,0,0,0,0,0,0,0,0,0,0,0,0,0,0,0,0,0,0,0
2017,4,宮城県,Miyagi-ken,154.9,232,1.98,2.04,0,0,2926,24412.6,0.6,0.17,2.8,3.57,1153.5,,2017,0,0,0,0,0,0,0,0,0,0,0,0,0,0,0,0,0,0,0,0,0
2017,5,秋田県,Akita-ken,203.2,100,1.1,1.53,0,0,2553,30215.3,0.7,0.4,2.41,3.51,1183.1,,2017,0,0,0,0,0,0,0,0,0,0,0,0,0,0,0,0,0,0,0,0,0
2017,6,山形県,Yamagata-ken,181.7,110,1.14,1.49,0,0,2758,25614.4,0.54,0.27,2.09,2.9,1063.4,,2017,0,0,0,0,0,0,0,0,0,0,0,0,0,0,0,0,0,0,0,0,0
2017,7,福島県,Fukushima-ken,411.2,188,1.27,1.72,0,0,3005,18808.6,0.43,0.27,2.82,3.52,1443.9,,2017,0,0,0,0,0,0,0,0,0,0,0,0,0,0,0,0,0,0,0,0,0
2017,8,茨城県,Ibaraki-ken,201.5,289,1.58,1.69,0,0,3116,19104,0.31,0.1,2.18,2.59,780.8,,2017,0,0,0,0,0,0,0,0,0,0,0,0,0,0,0,0,0,0,0,0,0
2017,9,栃木県,Tochigi-ken,173,196,1.57,1.65,0,0,3318,22346.1,0.46,0.31,3.07,3.84,791.1,,2017,0,0,0,0,0,0,0,0,0,0,0,0,0,0,0,0,0,0,0,0,0
2017,10,群馬県,Gumma-ken,176,196,1.34,1.52,0,0,3098,13876.7,0.66,0.41,3.57,4.64,807.5,,2017,0,0,0,0,0,0,0,0,0,0,0,0,0,0,0,0,0,0,0,0,0
2017,11,埼玉県,Saitama-ken,138.5,731,2.21,2.01,0,0,2958,11717.4,0.38,0.18,1.48,2.04,587.1,,2017,0,0,0,0,0,0,0,0,0,0,0,0,0,0,0,0,0,0,0,0,0
2017,12,千葉県,Chiba-ken,127.4,625,2.33,2.07,0,0,3020,20068.3,0.43,0.13,1.55,2.11,633.5,,2017,0,0,0,0,0,0,0,0,0,0,0,0,0,0,0,0,0,0,0,0,0
2017,13,東京都,Tokyo-to,49.3,1372,3.06,2.5,0,0,5348,6148.6,1.01,0.28,2.94,4.23,889.9,,2017,0,0,0,0,0,0,0,0,0,0,0,0,0,0,0,0,0,0,0,0,0
2017,14,神奈川県,Kanagawa-ken,52.5,916,2.27,2.13,0,0,3180,7820.1,0.35,0.16,1.2,1.71,626.3,,2017,0,0,0,0,0,0,0,0,0,0,0,0,0,0,0,0,0,0,0,0,0
2017,15,新潟県,Niigata-ken,379.5,227,0.94,1.23,1,1,2826,21758.3,0.79,0.22,3.57,4.58,985.9,2015,2,0,0,0,0,0,0,0,0,0,0,0,0,0,1,0,0,0,0,0,0,0
2017,16,富山県,Toyama-ken,133.2,106,1.17,1.27,1,1,3295,24581.9,0.47,0.19,2.56,3.22,912.5,2015,2,0,0,0,0,0,0,0,0,0,0,0,0,0,1,0,0,0,0,0,0,0
2017,17,石川県,Ishikawa-ken,67,115,1.56,1.61,1,1,2908,19680.4,1.05,0.44,3.31,4.8,937.2,2015,2,0,0,0,0,0,0,0,0,0,0,0,0,0,1,0,0,0,0,0,0,0
2017,18,福井県,Fukui-ken,158.7,78,1.12,1.32,0,0,3157,17619.8,0.77,0.26,2.57,3.6,1100.9,,2017,0,0,0,0,0,0,0,0,0,0,0,0,0,0,0,0,0,0,0,0,0
2017,19,山梨県,Yamanashi-ken,148.6,82,1.49,1.82,0,0,2873,7313.4,0.85,0.36,2.92,4.13,1050.3,,2017,0,0,0,0,0,0,0,0,0,0,0,0,0,0,0,0,0,0,0,0,0
2017,20,長野県,Nagano-ken,316.5,208,1.24,1.37,1,1,2882,10242.6,0.43,0.43,2.94,3.8,906.1,2015,2,0,0,0,0,0,0,0,0,0,0,0,0,0,1,0,0,0,0,0,0,0
2017,21,岐阜県,Gifu-ken,234.6,201,1.24,1.53,0,0,2803,9261.4,0.6,0.55,1.69,2.84,810.9,,2017,0,0,0,0,0,0,0,0,0,0,0,0,0,0,0,0,0,0,0,0,0
2017,22,静岡県,Shizuoka-ken,210.5,368,1.36,1.51,0,0,3300,10868.7,0.33,0.14,2.48,2.95,725.6,,2017,0,0,0,0,0,0,0,0,0,0,0,0,0,0,0,0,0,0,0,0,0
2017,23,愛知県,Aichi-ken,235.3,753,1.47,1.41,0,0,3633,10252.9,0.68,0.29,2.35,3.32,699.5,,2017,0,0,0,0,0,0,0,0,0,0,0,0,0,0,0,0,0,0,0,0,0
2017,24,三重県,Mie-ken,193.7,180,1.42,1.65,0,0,3155,13816.1,0.39,0.22,2.17,2.78,802.4,,2017,0,0,0,0,0,0,0,0,0,0,0,0,0,0,0,0,0,0,0,0,0
2017,25,滋賀県,Shiga-ken,161.4,141,1.76,1.81,0,0,3181,17953.1,0.57,0.21,1.84,2.62,782.3,,2017,0,0,0,0,0,0,0,0,0,0,0,0,0,0,0,0,0,0,0,0,0
2017,26,京都府,Kyoto-fu,58.5,260,2.06,2.12,0,0,2926,9960,1.31,0.5,2.46,4.27,832.7,,2017,0,0,0,0,0,0,0,0,0,0,0,0,0,0,0,0,0,0,0,0,0
2017,27,大阪府,Osaka-fu,134,882,1.73,1.7,0,0,3056,5378.8,0.62,0.28,2.57,3.47,772.9,,2017,0,0,0,0,0,0,0,0,0,0,0,0,0,0,0,0,0,0,0,0,0
2017,28,兵庫県,Hyogo-ken,281.9,550,1.55,1.67,0,0,2896,9113.7,0.67,0.31,1.74,2.72,805.7,,2017,0,0,0,0,0,0,0,0,0,0,0,0,0,0,0,0,0,0,0,0,0
2017,29,奈良県,Nara-ken,17.8,135,1.72,1.97,0,0,2522,8166,0.82,0.3,2.52,3.64,785.1,,2017,0,0,0,0,0,0,0,0,0,0,0,0,0,0,0,0,0,0,0,0,0
2017,30,和歌山県,Wakayama-ken,99,95,1.13,1.5,0,0,2949,11038.9,0.32,0.11,2.43,2.86,1077.4,,2017,0,0,0,0,0,0,0,0,0,0,0,0,0,0,0,0,0,0,0,0,0
2017,31,鳥取県,Tottori-ken,51.8,57,1.51,1.77,0,0,2407,12449,0.53,0.18,4.07,4.78,1233.8,,2017,0,0,0,0,0,0,0,0,0,0,0,0,0,0,0,0,0,0,0,0,0
2017,32,島根県,Shimane-ken,128,69,1.44,1.67,0,0,2619,11040.5,0.29,0.15,3.07,3.51,1339.4,,2017,0,0,0,0,0,0,0,0,0,0,0,0,0,0,0,0,0,0,0,0,0
2017,33,岡山県,Okayama-ken,276.8,191,1.44,1.56,0,0,2732,10480.6,0.89,0.47,2.73,4.09,833.1,,2017,0,0,0,0,0,0,0,0,0,0,0,0,0,0,0,0,0,0,0,0,0
2017,34,広島県,Hiroshima-ken,329.9,283,1.62,1.73,0,0,3068,9757.7,0.71,0.21,2.76,3.68,802.2,,2017,0,0,0,0,0,0,0,0,0,0,0,0,0,0,0,0,0,0,0,0,0
2017,35,山口県,Yamaguchi-ken,257.4,138,1.53,1.83,0,0,3048,13420.7,0.72,0.36,2.96,4.04,923.6,,2017,0,0,0,0,0,0,0,0,0,0,0,0,0,0,0,0,0,0,0,0,0
2017,36,徳島県,Tokushima-ken,116.1,74,1.23,1.5,0,0,2973,9523.2,0.54,0.4,2.29,3.23,1138.2,,2017,0,0,0,0,0,0,0,0,0,0,0,0,0,0,0,0,0,0,0,0,0
2017,37,香川県,Kagawa-ken,103.6,97,1.78,1.88,0,0,2945,8673.9,0.41,0.21,2.79,3.41,921,,2017,0,0,0,0,0,0,0,0,0,0,0,0,0,0,0,0,0,0,0,0,0
2017,38,愛媛県,Ehime-ken,185.6,136,1.25,1.49,0,0,2656,11691.8,0.37,0.37,2.79,3.53,936,,2017,0,0,0,0,0,0,0,0,0,0,0,0,0,0,0,0,0,0,0,0,0
2017,39,高知県,Kochi-ken,97.6,71,1.26,1.55,0,0,2567,10889.7,0.42,0.28,3.64,4.34,1314.7,,2017,0,0,0,0,0,0,0,0,0,0,0,0,0,0,0,0,0,0,0,0,0
2017,40,福岡県,Fukuoka-ken,153,511,1.94,1.82,1,1,2800,15672.4,0.69,0.37,3.33,4.39,824.2,2011,6,0,0,0,0,0,0,0,0,0,0,0,0,0,0,0,0,0,1,0,0,0
2017,41,佐賀県,Saga-ken,77.8,82,1.85,2.11,1,1,2509,23646.3,0.24,0.36,3.76,4.36,1086.2,2011,6,0,0,0,0,0,0,0,0,0,0,0,0,0,0,0,0,0,1,0,0,0
2017,42,長崎県,Nagasaki-ken,46.2,135,1.66,2.09,0,0,2519,13963.7,0.59,0.15,3.1,3.84,1082.4,,2017,0,0,0,0,0,0,0,0,0,0,0,0,0,0,0,0,0,0,0,0,0
2017,43,熊本県,Kumamoto-ken,111.9,177,1.54,1.76,1,1,2517,19139.2,0.51,0.11,3.06,3.68,1167.5,2011,6,0,0,0,0,0,0,0,0,0,0,0,0,0,0,0,0,0,1,0,0,0
2017,44,大分県,Oita-ken,190.6,115,1.5,1.75,0,0,2605,14084.9,0.43,0.43,3.99,4.85,985.7,,2017,0,0,0,0,0,0,0,0,0,0,0,0,0,0,0,0,0,0,0,0,0
2017,45,宮崎県,Miyazaki-ken,202,109,1.63,1.93,0,0,2407,17383.2,0.64,0.18,3.21,4.03,1057.6,,2017,0,0,0,0,0,0,0,0,0,0,0,0,0,0,0,0,0,0,0,0,0
2017,46,鹿児島県,Kagoshima-ken,122.7,163,1.56,1.85,0,0,2414,18610.3,0.37,0.25,2.64,3.26,1058.1,,2017,0,0,0,0,0,0,0,0,0,0,0,0,0,0,0,0,0,0,0,0,0
2017,47,沖縄県,Okinawa-ken,57.3,144,1.71,1.79,0,0,2273,18946.9,0.55,0.14,3.95,4.64,1054.2,,2017,0,0,0,0,0,0,0,0,0,0,0,0,0,0,0,0,0,0,0,0,0
2018,1,北海道,Hokkaido,748.7,529,0.97,1.09,1,1,2682,257691.4,0.72,0.3,3.18,4.2,1076.7,2016,2,0,0,0,0,0,0,0,0,0,0,0,0,0,1,0,0,0,0,0,0,0
2018,2,青森県,Aomori-ken,100,126,1.38,1.88,1,1,2490,33719.7,0.79,0.4,2.22,3.41,1086,2010,8,0,0,0,0,0,0,0,0,0,0,0,0,0,0,0,0,0,0,0,1,0
2018,3,岩手県,Iwate-ken,298.8,124,1.38,1.78,0,0,2772,22708.4,0.48,0.4,2.9,3.78,1480,,2018,0,0,0,0,0,0,0,0,0,0,0,0,0,0,0,0,0,0,0,0,0
2018,4,宮城県,Miyagi-ken,154.9,232,2.07,2.13,0,0,2944,24240.7,0.6,0.22,2.76,3.58,1093.1,,2018,0,0,0,0,0,0,0,0,0,0,0,0,0,0,0,0,0,0,0,0,0
2018,5,秋田県,Akita-ken,203.2,98,1.12,1.57,0,0,2699,30093,0.71,0.41,2.24,3.36,1195.8,,2018,0,0,0,0,0,0,0,0,0,0,0,0,0,0,0,0,0,0,0,0,0
2018,6,山形県,Yamagata-ken,181.7,109,1.22,1.54,0,0,2923,25463,0.55,0.28,2.11,2.94,1061.9,,2018,0,0,0,0,0,0,0,0,0,0,0,0,0,0,0,0,0,0,0,0,0
2018,7,福島県,Fukushima-ken,411.2,186,1.37,1.77,0,0,2971,18689.1,0.43,0.27,2.9,3.6,1315.8,,2018,0,0,0,0,0,0,0,0,0,0,0,0,0,0,0,0,0,0,0,0,0
2018,8,茨城県,Ibaraki-ken,201.5,288,1.82,2.09,0,0,3306,18932.9,0.35,0.1,2.19,2.64,794.7,,2018,0,0,0,0,0,0,0,0,0,0,0,0,0,0,0,0,0,0,0,0,0
2018,9,栃木県,Tochigi-ken,173,195,1.84,2.13,0,0,3413,22219.8,0.46,0.31,3.08,3.85,804.7,,2018,0,0,0,0,0,0,0,0,0,0,0,0,0,0,0,0,0,0,0,0,0
2018,10,群馬県,Gumma-ken,176,195,1.76,1.79,0,0,3325,13657.1,0.72,0.41,3.53,4.66,803.2,,2018,0,0,0,0,0,0,0,0,0,0,0,0,0,0,0,0,0,0,0,0,0
2018,11,埼玉県,Saitama-ken,140.9,733,2.58,2.24,0,0,3067,11655.1,0.38,0.16,1.46,2,581.1,,2018,0,0,0,0,0,0,0,0,0,0,0,0,0,0,0,0,0,0,0,0,0
2018,12,千葉県,Chiba-ken,139.6,626,2.62,2.43,0,0,3193,19988.5,0.43,0.13,1.58,2.14,638.4,,2018,0,0,0,0,0,0,0,0,0,0,0,0,0,0,0,0,0,0,0,0,0
2018,13,東京都,Tokyo-to,50.2,1382,3.33,2.75,0,0,5427,6050.6,1,0.27,2.93,4.2,930.6,,2018,0,0,0,0,0,0,0,0,0,0,0,0,0,0,0,0,0,0,0,0,0
2018,14,神奈川県,Kanagawa-ken,56.7,918,2.54,2.28,0,0,3227,7779.4,0.33,0.15,1.18,1.66,620.1,,2018,0,0,0,0,0,0,0,0,0,0,0,0,0,0,0,0,0,0,0,0,0
2018,15,新潟県,Niigata-ken,379.5,225,1.01,1.31,1,1,2873,21681.8,0.85,0.22,3.61,4.68,974.5,2015,3,0,0,0,0,0,0,0,0,0,0,0,0,0,0,1,0,0,0,0,0,0
2018,16,富山県,Toyama-ken,133.2,105,1.27,1.42,1,1,3319,24539.9,0.48,0.19,2.57,3.24,916,2015,3,0,0,0,0,0,0,0,0,0,0,0,0,0,0,1,0,0,0,0,0,0
2018,17,石川県,Ishikawa-ken,67,114,1.7,1.83,1,1,2962,19538.1,1.14,0.44,3.32,4.9,924.3,2015,3,0,0,0,0,0,0,0,0,0,0,0,0,0,0,1,0,0,0,0,0,0
2018,18,福井県,Fukui-ken,158.7,77,1.28,1.58,0,0,3265,17576.1,0.78,0.26,2.58,3.62,1082,,2018,0,0,0,0,0,0,0,0,0,0,0,0,0,0,0,0,0,0,0,0,0
2018,19,山梨県,Yamanashi-ken,166.2,82,1.68,2.1,0,0,2973,7282.7,0.86,0.37,2.94,4.17,1058.3,,2018,0,0,0,0,0,0,0,0,0,0,0,0,0,0,0,0,0,0,0,0,0
2018,20,長野県,Nagano-ken,331.1,206,1.41,1.56,1,1,2940,10185.3,0.48,0.44,2.96,3.88,888.5,2015,3,0,0,0,0,0,0,0,0,0,0,0,0,0,0,1,0,0,0,0,0,0
2018,21,岐阜県,Gifu-ken,234.6,200,1.57,1.87,0,0,2849,9212,0.6,0.55,1.7,2.85,815.7,,2018,0,0,0,0,0,0,0,0,0,0,0,0,0,0,0,0,0,0,0,0,0
2018,22,静岡県,Shizuoka-ken,210.5,366,1.58,1.74,0,0,3388,10688.6,0.33,0.14,2.49,2.96,724.7,,2018,0,0,0,0,0,0,0,0,0,0,0,0,0,0,0,0,0,0,0,0,0
2018,23,愛知県,Aichi-ken,235.3,754,1.72,1.68,0,0,3685,10144.5,0.68,0.28,2.34,3.3,712.3,,2018,0,0,0,0,0,0,0,0,0,0,0,0,0,0,0,0,0,0,0,0,0
2018,24,三重県,Mie-ken,220.8,179,1.82,2.07,0,0,3111,13722.9,0.39,0.22,2.18,2.79,815.3,,2018,0,0,0,0,0,0,0,0,0,0,0,0,0,0,0,0,0,0,0,0,0
2018,25,滋賀県,Shiga-ken,161.4,141,2.08,2.05,0,0,3290,17815.3,0.57,0.21,1.84,2.62,793.2,,2018,0,0,0,0,0,0,0,0,0,0,0,0,0,0,0,0,0,0,0,0,0
2018,26,京都府,Kyoto-fu,59.7,259,2.22,2.32,0,0,3018,9862.3,1.31,0.46,2.43,4.2,817.2,,2018,0,0,0,0,0,0,0,0,0,0,0,0,0,0,0,0,0,0,0,0,0
2018,27,大阪府,Osaka-fu,134.5,881,1.91,1.89,0,0,3183,5337.1,0.62,0.27,2.56,3.45,772.2,,2018,0,0,0,0,0,0,0,0,0,0,0,0,0,0,0,0,0,0,0,0,0
2018,28,兵庫県,Hyogo-ken,284.2,548,1.71,1.81,0,0,2966,9064.6,0.67,0.31,1.77,2.75,782.8,,2018,0,0,0,0,0,0,0,0,0,0,0,0,0,0,0,0,0,0,0,0,0
2018,29,奈良県,Nara-ken,17.8,134,1.79,2.09,0,0,2600,8009.7,0.82,0.3,2.54,3.66,787.6,,2018,0,0,0,0,0,0,0,0,0,0,0,0,0,0,0,0,0,0,0,0,0
2018,30,和歌山県,Wakayama-ken,99,94,1.24,1.6,0,0,2797,10904.3,0.32,0.11,2.46,2.89,1109.7,,2018,0,0,0,0,0,0,0,0,0,0,0,0,0,0,0,0,0,0,0,0,0
2018,31,鳥取県,Tottori-ken,51.8,56,1.56,1.88,0,0,2485,12412.9,0.54,0.18,4.11,4.83,1199.5,,2018,0,0,0,0,0,0,0,0,0,0,0,0,0,0,0,0,0,0,0,0,0
2018,32,島根県,Shimane-ken,103.2,68,1.62,1.81,0,0,2553,10980.8,0.29,0.15,3.09,3.53,1332,,2018,0,0,0,0,0,0,0,0,0,0,0,0,0,0,0,0,0,0,0,0,0
2018,33,岡山県,Okayama-ken,272.3,190,1.56,1.79,0,0,2839,10320.8,0.9,0.47,2.85,4.22,857,,2018,0,0,0,0,0,0,0,0,0,0,0,0,0,0,0,0,0,0,0,0,0
2018,34,広島県,Hiroshima-ken,328.5,282,1.7,1.92,0,0,3167,9669.5,0.71,0.18,2.7,3.59,819.5,,2018,0,0,0,0,0,0,0,0,0,0,0,0,0,0,0,0,0,0,0,0,0
2018,35,山口県,Yamaguchi-ken,257.4,137,1.66,1.91,0,0,3258,13280.1,0.73,0.36,2.92,4.01,918.2,,2018,0,0,0,0,0,0,0,0,0,0,0,0,0,0,0,0,0,0,0,0,0
2018,36,徳島県,Tokushima-ken,116.1,74,1.29,1.64,0,0,3091,9425.7,0.54,0.41,2.31,3.26,1152.4,,2018,0,0,0,0,0,0,0,0,0,0,0,0,0,0,0,0,0,0,0,0,0
2018,37,香川県,Kagawa-ken,103.6,96,1.86,2.03,0,0,3018,8588.6,0.42,0.21,2.7,3.33,913.3,,2018,0,0,0,0,0,0,0,0,0,0,0,0,0,0,0,0,0,0,0,0,0
2018,38,愛媛県,Ehime-ken,185.6,135,1.34,1.65,0,0,2741,11478.7,0.37,0.37,2.81,3.55,947.7,,2018,0,0,0,0,0,0,0,0,0,0,0,0,0,0,0,0,0,0,0,0,0
2018,39,高知県,Kochi-ken,97.6,71,1.31,1.63,0,0,2650,10810.8,0.42,0.28,3.68,4.38,1269.5,,2018,0,0,0,0,0,0,0,0,0,0,0,0,0,0,0,0,0,0,0,0,0
2018,40,福岡県,Fukuoka-ken,153,511,2.05,1.99,1,1,2888,15444.7,0.67,0.37,3.29,4.33,819.7,2011,7,0,0,0,0,0,0,0,0,0,0,0,0,0,0,0,0,0,0,1,0,0
2018,41,佐賀県,Saga-ken,77.8,82,2.03,2.21,1,1,2630,23419.4,0.24,0.37,3.79,4.4,1107.3,2011,7,0,0,0,0,0,0,0,0,0,0,0,0,0,0,0,0,0,0,1,0,0
2018,42,長崎県,Nagasaki-ken,46.2,134,1.71,2.21,0,0,2571,13786.2,0.6,0.15,2.91,3.66,1068.7,,2018,0,0,0,0,0,0,0,0,0,0,0,0,0,0,0,0,0,0,0,0,0
2018,43,熊本県,Kumamoto-ken,123.2,176,1.63,1.84,1,1,2613,19105,0.51,0.11,3.07,3.69,1110.7,2011,7,0,0,0,0,0,0,0,0,0,0,0,0,0,0,0,0,0,0,1,0,0
2018,44,大分県,Oita-ken,190.6,114,1.63,1.92,0,0,2710,14034.2,0.44,0.44,3.93,4.81,1000.4,,2018,0,0,0,0,0,0,0,0,0,0,0,0,0,0,0,0,0,0,0,0,0
2018,45,宮崎県,Miyazaki-ken,202,108,1.7,1.99,0,0,2487,17279.1,0.65,0.19,3.33,4.17,1052.9,,2018,0,0,0,0,0,0,0,0,0,0,0,0,0,0,0,0,0,0,0,0,0
2018,46,鹿児島県,Kagoshima-ken,122.7,161,1.66,1.89,0,0,2492,18313.2,0.37,0.25,2.66,3.28,1047.9,,2018,0,0,0,0,0,0,0,0,0,0,0,0,0,0,0,0,0,0,0,0,0
2018,47,沖縄県,Okinawa-ken,57.3,145,1.87,1.94,0,0,2349,18946.9,0.55,0.14,3.94,4.63,1038.6,,2018,0,0,0,0,0,0,0,0,0,0,0,0,0,0,0,0,0,0,0,0,0
2019,1,北海道,Hokkaido,748.7,525,1,1.11,1,1,2832,257466.3,0.7,0.29,3.12,4.11,1108.9,2016,3,0,0,0,0,0,0,0,0,0,0,0,0,0,0,1,0,0,0,0,0,0
2019,2,青森県,Aomori-ken,100,125,1.4,1.88,1,1,2628,33608,0.8,0.4,2.25,3.45,1117.5,2010,9,0,0,0,0,0,0,0,0,0,0,0,0,0,0,0,0,0,0,0,0,1
2019,3,岩手県,Iwate-ken,298.8,123,1.44,1.81,0,0,2781,22663,0.49,0.41,2.85,3.75,1448.3,,2019,0,0,0,0,0,0,0,0,0,0,0,0,0,0,0,0,0,0,0,0,0
2019,4,宮城県,Miyagi-ken,154.9,231,2.05,2.14,0,0,2943,24126.1,0.61,0.22,2.82,3.65,1076.1,,2019,0,0,0,0,0,0,0,0,0,0,0,0,0,0,0,0,0,0,0,0,0
2019,5,秋田県,Akita-ken,203.2,97,1.16,1.56,0,0,2713,29991,0.72,0.41,1.97,3.1,1197.9,,2019,0,0,0,0,0,0,0,0,0,0,0,0,0,0,0,0,0,0,0,0,0
2019,6,山形県,Yamagata-ken,206,108,1.22,1.61,0,0,2909,25376.4,0.56,0.28,2.04,2.88,1106.1,,2019,0,0,0,0,0,0,0,0,0,0,0,0,0,0,0,0,0,0,0,0,0
2019,7,福島県,Fukushima-ken,411.2,185,1.4,1.77,0,0,2942,18529.8,0.43,0.27,2.93,3.63,1316.7,,2019,0,0,0,0,0,0,0,0,0,0,0,0,0,0,0,0,0,0,0,0,0
2019,8,茨城県,Ibaraki-ken,201.5,286,1.85,2.11,0,0,3247,18773.2,0.35,0.1,2.2,2.65,805.5,,2019,0,0,0,0,0,0,0,0,0,0,0,0,0,0,0,0,0,0,0,0,0
2019,9,栃木県,Tochigi-ken,173,193,1.88,2.18,0,0,3351,22111.6,0.47,0.31,2.95,3.73,825,,2019,0,0,0,0,0,0,0,0,0,0,0,0,0,0,0,0,0,0,0,0,0
2019,10,群馬県,Gumma-ken,176,194,1.75,1.86,0,0,3288,13497.3,0.72,0.41,3.55,4.68,823.5,,2019,0,0,0,0,0,0,0,0,0,0,0,0,0,0,0,0,0,0,0,0,0
2019,11,埼玉県,Saitama-ken,140.9,735,2.63,2.27,0,0,3038,11608.3,0.38,0.16,1.44,1.98,596.2,,2019,0,0,0,0,0,0,0,0,0,0,0,0,0,0,0,0,0,0,0,0,0
2019,12,千葉県,Chiba-ken,139.6,626,2.64,2.49,0,0,3058,19892.7,0.43,0.13,1.6,2.16,644.6,,2019,0,0,0,0,0,0,0,0,0,0,0,0,0,0,0,0,0,0,0,0,0
2019,13,東京都,Tokyo-to,50.2,1392,3.35,2.76,0,0,5757,5988.2,1.01,0.27,2.91,4.19,955.2,,2019,0,0,0,0,0,0,0,0,0,0,0,0,0,0,0,0,0,0,0,0,0
2019,14,神奈川県,Kanagawa-ken,59.1,920,2.59,2.26,0,0,3199,7657.2,0.33,0.15,1.17,1.65,631.4,,2019,0,0,0,0,0,0,0,0,0,0,0,0,0,0,0,0,0,0,0,0,0
2019,15,新潟県,Niigata-ken,379.5,222,1.01,1.34,1,1,2951,21618,0.9,0.22,3.73,4.85,1008.7,2015,4,0,0,0,0,0,0,0,0,0,0,0,0,0,0,0,1,0,0,0,0,0
2019,16,富山県,Toyama-ken,133.2,104,1.3,1.53,1,1,3316,24497.9,0.48,0.19,2.49,3.16,931.2,2015,4,0,0,0,0,0,0,0,0,0,0,0,0,0,0,0,1,0,0,0,0,0
2019,17,石川県,Ishikawa-ken,67,114,1.69,1.92,1,1,2973,19443.3,1.14,0.44,3.34,4.92,938.9,2015,4,0,0,0,0,0,0,0,0,0,0,0,0,0,0,0,1,0,0,0,0,0
2019,18,福井県,Fukui-ken,158.7,77,1.27,1.71,0,0,3325,17532.4,0.78,0.26,2.6,3.64,1092.4,,2019,0,0,0,0,0,0,0,0,0,0,0,0,0,0,0,0,0,0,0,0,0
2019,19,山梨県,Yamanashi-ken,173,81,1.74,2.1,0,0,3125,7221.2,0.86,0.37,2.96,4.19,1075.9,,2019,0,0,0,0,0,0,0,0,0,0,0,0,0,0,0,0,0,0,0,0,0
2019,20,長野県,Nagano-ken,331.1,205,1.39,1.6,1,1,2924,10128,0.49,0.44,2.93,3.86,948,2015,4,0,0,0,0,0,0,0,0,0,0,0,0,0,0,0,1,0,0,0,0,0
2019,21,岐阜県,Gifu-ken,234.6,199,1.6,1.94,0,0,3035,9162.7,0.65,0.55,1.66,2.86,841.1,,2019,0,0,0,0,0,0,0,0,0,0,0,0,0,0,0,0,0,0,0,0,0
2019,22,静岡県,Shizuoka-ken,210.5,364,1.61,1.78,0,0,3407,10492.2,0.33,0.14,2.47,2.94,750.5,,2019,0,0,0,0,0,0,0,0,0,0,0,0,0,0,0,0,0,0,0,0,0
2019,23,愛知県,Aichi-ken,235.3,755,1.71,1.74,0,0,3661,10049.7,0.66,0.26,2.36,3.28,720.4,,2019,0,0,0,0,0,0,0,0,0,0,0,0,0,0,0,0,0,0,0,0,0
2019,24,三重県,Mie-ken,216.6,178,1.77,2.13,0,0,2989,13606.4,0.39,0.22,2.13,2.74,820.4,,2019,0,0,0,0,0,0,0,0,0,0,0,0,0,0,0,0,0,0,0,0,0
2019,25,滋賀県,Shiga-ken,161.6,141,2.15,2.08,0,0,3323,17746.4,0.57,0.21,1.84,2.62,808.9,,2019,0,0,0,0,0,0,0,0,0,0,0,0,0,0,0,0,0,0,0,0,0
2019,26,京都府,Kyoto-fu,59.7,258,2.27,2.37,0,0,3005,9732.1,1.32,0.43,2.4,4.15,835.1,,2019,0,0,0,0,0,0,0,0,0,0,0,0,0,0,0,0,0,0,0,0,0
2019,27,大阪府,Osaka-fu,134.5,881,1.99,1.9,0,0,3055,5295.4,0.62,0.26,2.53,3.41,770.8,,2019,0,0,0,0,0,0,0,0,0,0,0,0,0,0,0,0,0,0,0,0,0
2019,28,兵庫県,Hyogo-ken,284.2,547,1.73,1.84,0,0,3038,9015.4,0.68,0.31,1.77,2.76,803.8,,2019,0,0,0,0,0,0,0,0,0,0,0,0,0,0,0,0,0,0,0,0,0
2019,29,奈良県,Nara-ken,17.8,133,1.81,2.07,0,0,2728,7892.5,0.83,0.3,2.56,3.69,815.7,,2019,0,0,0,0,0,0,0,0,0,0,0,0,0,0,0,0,0,0,0,0,0
2019,30,和歌山県,Wakayama-ken,99,93,1.25,1.61,0,0,2986,10837,0.43,0.11,2.49,3.03,1136.2,,2019,0,0,0,0,0,0,0,0,0,0,0,0,0,0,0,0,0,0,0,0,0
2019,31,鳥取県,Tottori-ken,51.8,56,1.57,1.84,0,0,2439,12376.9,0.54,0.18,4.14,4.86,1237,,2019,0,0,0,0,0,0,0,0,0,0,0,0,0,0,0,0,0,0,0,0,0
2019,32,島根県,Shimane-ken,128,67,1.62,1.92,0,0,2951,10921.1,0.3,0.15,3.12,3.57,1368,,2019,0,0,0,0,0,0,0,0,0,0,0,0,0,0,0,0,0,0,0,0,0
2019,33,岡山県,Okayama-ken,272.3,189,1.6,1.81,0,0,2794,10304.8,0.9,0.48,2.86,4.24,875.9,,2019,0,0,0,0,0,0,0,0,0,0,0,0,0,0,0,0,0,0,0,0,0
2019,34,広島県,Hiroshima-ken,328.5,280,1.71,2,0,0,3153,9546,0.71,0.18,2.71,3.6,852,,2019,0,0,0,0,0,0,0,0,0,0,0,0,0,0,0,0,0,0,0,0,0
2019,35,山口県,Yamaguchi-ken,257.4,136,1.72,1.99,0,0,3249,13055,0.74,0.37,2.95,4.06,940.3,,2019,0,0,0,0,0,0,0,0,0,0,0,0,0,0,0,0,0,0,0,0,0
2019,36,徳島県,Tokushima-ken,116.1,73,1.29,1.75,0,0,3153,9360.7,0.55,0.41,2.34,3.3,1166.1,,2019,0,0,0,0,0,0,0,0,0,0,0,0,0,0,0,0,0,0,0,0,0
2019,37,香川県,Kagawa-ken,103.6,96,1.86,2.04,0,0,3021,8503.3,0.42,0.21,2.72,3.35,911.5,,2019,0,0,0,0,0,0,0,0,0,0,0,0,0,0,0,0,0,0,0,0,0
2019,38,愛媛県,Ehime-ken,187.2,134,1.35,1.67,0,0,2717,11360.4,0.37,0.37,2.76,3.5,972.3,,2019,0,0,0,0,0,0,0,0,0,0,0,0,0,0,0,0,0,0,0,0,0
2019,39,高知県,Kochi-ken,102.6,70,1.31,1.66,0,0,2663,10653,0.57,0.29,3.87,4.73,1327.2,,2019,0,0,0,0,0,0,0,0,0,0,0,0,0,0,0,0,0,0,0,0,0
2019,40,福岡県,Fukuoka-ken,153,510,2.07,2.02,1,1,2838,15236,0.67,0.35,3.19,4.21,837.4,2011,8,0,0,0,0,0,0,0,0,0,0,0,0,0,0,0,0,0,0,0,1,0
2019,41,佐賀県,Saga-ken,77.8,82,2.02,2.24,1,1,2854,23192.5,0.25,0.37,3.8,4.42,1108.5,2011,8,0,0,0,0,0,0,0,0,0,0,0,0,0,0,0,0,0,0,0,1,0
2019,42,長崎県,Nagasaki-ken,46.2,133,1.65,2.2,0,0,2655,13697.4,0.6,0.15,2.86,3.61,1114.8,,2019,0,0,0,0,0,0,0,0,0,0,0,0,0,0,0,0,0,0,0,0,0
2019,43,熊本県,Kumamoto-ken,123.2,175,1.65,1.88,1,1,2714,18950.9,0.51,0.11,3.03,3.65,1091.6,2011,8,0,0,0,0,0,0,0,0,0,0,0,0,0,0,0,0,0,0,0,1,0
2019,44,大分県,Oita-ken,190.6,114,1.68,1.95,0,0,2695,13958.2,0.44,0.44,4.23,5.11,1025.2,,2019,0,0,0,0,0,0,0,0,0,0,0,0,0,0,0,0,0,0,0,0,0
2019,45,宮崎県,Miyazaki-ken,202,107,1.72,1.96,0,0,2426,17175,0.65,0.19,3.36,4.2,1075.4,,2019,0,0,0,0,0,0,0,0,0,0,0,0,0,0,0,0,0,0,0,0,0
2019,46,鹿児島県,Kagoshima-ken,122.7,160,1.68,1.94,0,0,2558,18141.2,0.37,0.25,2.62,3.24,1092.5,,2019,0,0,0,0,0,0,0,0,0,0,0,0,0,0,0,0,0,0,0,0,0
2019,47,沖縄県,Okinawa-ken,57.3,145,1.99,1.94,0,0,2396,18697.6,0.55,0.14,3.79,4.48,1062.9,,2019,0,0,0,0,0,0,0,0,0,0,0,0,0,0,0,0,0,0,0,0,0
